,movie_id,title,release_date,genre_ids,vote_avg,vote_count,Total_Rev,Domestic_Rev,Foreign_Rev,Foreign_Percent,Domestic_Percent
0,221,Rebel Without a Cause,2018-09-23,Drama,7.7,827,199963,199963,0,100.0,0.0
1,424,Schindler's List,1993-12-15,Drama,8.6,8804,937140,833050,104090,88.9,11.1
2,2280,Big,1988-06-03,Comedy,7.0,1985,258507,258507,0,100.0,0.0
3,8392,My Neighbor Totoro,2018-12-11,Animation,8.1,3616,27083857,1144649,25939208,4.2,95.8
4,10148,Krystal,2018-04-13,Comedy,4.6,25,37516,37516,0,100.0,0.0
5,11506,The Silence,1964-02-03,Drama,7.5,166,289455,67986,221469,23.5,76.5
6,50022,Super Troopers 2,2018-04-20,Comedy,5.8,230,31626386,30617396,1008990,96.8,3.2
7,220882,London Fields,2018-10-26,Crime,5.1,91,487420,252676,234744,51.8,48.2
8,260513,Incredibles 2,2018-06-15,Action,7.5,7299,1242805359,608581744,634223615,49.0,51.0
9,268896,Pacific Rim: Uprising,2018-03-23,Action,5.9,2533,290930148,59874525,231055623,20.6,79.4
10,284054,Black Panther,2018-02-16,Action,7.4,13751,1346913161,700059566,646853595,52.0,48.0
11,287523,Death House,2018-02-28,Horror,3.1,19,23833,23833,0,100.0,0.0
12,297802,Aquaman,2018-12-21,Action,6.8,7462,1148161807,335061807,813100000,29.2,70.8
13,299536,Avengers: Infinity War,2018-04-27,Action,8.3,15989,2048359754,678815482,1369544272,33.1,66.9
14,300668,Annihilation,2018-02-23,Horror,6.3,4995,43070915,32732301,10338614,76.0,24.0
15,322520,Hal,2018-01-22,Documentary,0.0,1,49045,48698,347,99.3,0.7
16,324538,Damascus Cover,2018-07-20,Mystery,5.6,26,19532,0,19532,0.0,100.0
17,324857,Spider-Man: Into the Spider-Verse,2018-12-14,Action,8.4,5777,375540831,190241310,185299521,50.7,49.3
18,332283,Mary Shelley,2018-05-25,Drama,7.1,501,2096600,108900,1987700,5.2,94.8
19,332562,A Star Is Born,2018-10-05,Drama,7.5,6916,434888866,215288866,219600000,49.5,50.5
20,332718,Bilal: A New Breed of Hero,2018-02-02,Action,6.9,60,576805,490973,85832,85.1,14.9
21,333339,Ready Player One,2018-03-29,Adventure,7.6,8023,582890172,137690172,445200000,23.6,76.4
22,334546,In Searching,2018-12-04,Adventure,0.0,0,5210,5210,0,100.0,0.0
23,335983,Venom,2018-10-05,Action,6.6,7531,856085151,213515506,642569645,24.9,75.1
24,336843,Maze Runner: The Death Cure,2018-01-26,Action,7.0,4308,288175335,58032443,230142892,20.1,79.9
25,337167,Fifty Shades Freed,2018-02-09,Drama,6.2,3816,371985018,100407760,271577258,27.0,73.0
26,338768,Please Stand By,2018-01-26,Comedy,6.9,211,406732,9868,396864,2.4,97.6
27,338952,Fantastic Beasts: The Crimes of Grindelwald,2018-11-16,Adventure,6.9,5778,653755901,159555901,494200000,24.4,75.6
28,338970,Tomb Raider,2018-03-16,Action,6.3,4809,274650803,58250803,216400000,21.2,78.8
29,339103,Gotti,2018-06-15,Crime,5.2,316,6412349,4343227,2069122,67.7,32.3
30,339380,On the Basis of Sex,2018-12-25,Drama,7.4,364,38673750,24622687,14051063,63.7,36.3
31,340022,Gringo,2018-03-09,Action,5.9,389,11001627,4969853,6031774,45.2,54.8
32,340613,The Wife,2018-08-17,Drama,7.2,568,18205312,9601092,8604220,52.7,47.3
33,341689,How to Talk to Girls at Parties,2018-05-25,Comedy,6.3,181,385733,84809,300924,22.0,78.0
34,341735,The Seagull,2018-05-11,Comedy,5.8,35,1820461,1252960,567501,68.8,31.2
35,345887,The Equalizer 2,2018-07-20,Thriller,6.5,2416,190400157,102084362,88315795,53.6,46.4
36,345940,The Meg,2018-08-10,Action,5.9,3401,530243742,145443742,384800000,27.4,72.6
37,346364,It,2017-09-08,Horror,7.2,12309,187320,187320,0,100.0,0.0
38,346910,The Predator,2018-09-14,Action,5.3,2377,160542134,51024708,109517426,31.8,68.2
39,347375,Mile 22,2018-08-17,Action,6.0,1119,66308758,36108758,30200000,54.5,45.5
40,347866,Hot Summer Nights,2017-03-14,Drama,6.6,187,246133,0,246133,0.0,100.0
41,348350,Solo: A Star Wars Story,2018-05-25,Action,6.6,4470,392924807,213767512,179157295,54.4,45.6
42,351044,Welcome to Marwen,2018-12-21,Comedy,6.5,493,13061491,10763520,2297971,82.4,17.6
43,351286,Jurassic World: Fallen Kingdom,2018-06-22,Action,6.5,6636,1308467944,417719760,890748184,31.9,68.1
44,353081,Mission: Impossible - Fallout,2018-07-27,Action,7.3,4373,791115104,220159104,570956000,27.8,72.2
45,353486,Jumanji: Welcome to the Jungle,2017-12-20,Action,6.7,7988,49381,49381,0,100.0,0.0
46,356199,Amazing Grace,2018-11-12,Documentary,7.6,17,7212253,4450456,2761797,61.7,38.3
47,358395,Origin Story,2018-05-03,Documentary,6.0,1,99488,99488,0,100.0,0.0
48,360920,The Grinch,2018-11-09,Animation,6.5,1323,511595957,270620950,240975007,52.9,47.1
49,361292,Suspiria,2018-10-26,Fantasy,6.9,1033,10917242,5458621,5458621,50.0,50.0
50,363088,Ant-Man and the Wasp,2018-07-06,Action,7.0,7337,622674139,216648740,406025399,34.8,65.2
51,367153,Poor Boy,2018-07-13,Drama,5.0,3,31031,31031,0,100.0,0.0
52,369972,First Man,2018-10-12,Drama,7.1,2869,105697415,44936545,60760870,42.5,57.5
53,370567,Sherlock Gnomes,2018-03-23,Animation,5.5,395,90345871,43242871,47103000,47.9,52.1
54,370756,Always at The Carlyle,2018-05-11,Documentary,7.0,3,174251,174251,0,100.0,0.0
55,371608,The Strangers: Prey at Night,2018-03-09,Horror,5.4,738,31039126,24586708,6452418,79.2,20.8
56,373209,Izzy Gets the F*ck Across Town,2018-06-22,Comedy,6.1,24,20208,20208,0,100.0,0.0
57,373449,2.0,2018-11-29,Action,6.1,49,10847903,4152000,6695903,38.3,61.7
58,375262,The Favourite,2018-11-23,Drama,7.6,2657,95918706,34366783,61551923,35.8,64.2
59,375588,Robin Hood,2018-11-21,Action,5.8,1585,85882380,30824628,55057752,35.9,64.1
60,378631,Like Me,2018-01-25,Crime,5.9,21,12965,12965,0,100.0,0.0
61,381719,Peter Rabbit,2018-02-09,Adventure,6.5,741,351266433,115253424,236013009,32.8,67.2
62,383498,Deadpool 2,2018-05-10,Action,7.5,9966,734546611,318491426,416055185,43.4,56.6
63,385360,Billionaire Boys Club,2018-08-03,Drama,5.5,173,2713955,1349,2712606,0.0,100.0
64,385448,The Little Mermaid,2018-08-17,Adventure,4.9,561,2610742,147175,2463567,5.6,94.4
65,385955,Where Is Kyra?,2018-04-06,Drama,5.8,25,59717,59717,0,100.0,0.0
66,387592,Early Man,2018-02-16,Adventure,6.0,378,54622814,8267544,46355270,15.1,84.9
67,391714,On Chesil Beach,2018-05-18,Drama,6.1,122,3335913,745971,2589942,22.4,77.6
68,393425,Intersection,2018-06-15,Crime,0.0,1,5116,5116,0,100.0,0.0
69,393834,Goldstone,2018-03-02,Crime,6.0,50,87639,87639,0,100.0,0.0
70,394741,Stan & Ollie,2018-12-28,Comedy,7.1,433,24420923,5470235,18950688,22.4,77.6
71,395948,Are We Not Cats,2018-02-23,Horror,6.5,7,5518,5518,0,100.0,0.0
72,395990,Death Wish,2018-03-02,Action,5.9,1364,49562710,34017028,15545682,68.6,31.4
73,396373,Woman Walks Ahead,2018-04-25,Drama,6.9,64,80912,57528,23384,71.1,28.9
74,396461,Under the Silver Lake,2019-04-19,Drama,6.4,473,2053469,46083,2007386,2.2,97.8
75,397722,Thoroughbreds,2018-03-09,Drama,6.3,459,3187255,3072605,114650,96.4,3.6
76,398173,The House That Jack Built,2018-11-28,Drama,7.2,1006,3297010,170113,3126897,5.2,94.8
78,399174,Isle of Dogs,2018-03-23,Adventure,7.9,2343,64241499,32015231,32226268,49.8,50.2
79,399248,Beirut,2018-04-11,Action,6.2,238,7509436,5019226,2490210,66.8,33.2
80,399360,Alpha,2018-08-17,Adventure,6.0,1339,98203196,35857181,62346015,36.5,63.5
81,399402,Hunter Killer,2018-10-26,Action,6.4,860,31672678,15767460,15905218,49.8,50.2
82,399440,Peterloo,2019-04-05,Drama,7.4,45,1998945,151971,1846974,7.6,92.4
83,399796,Life of the Party,2018-05-11,Comedy,6.2,528,65859911,53059911,12800000,80.6,19.4
84,400155,Hotel Transylvania 3: Summer Vacation,2018-06-30,Animation,6.8,1940,528583774,167510016,361073758,31.7,68.3
85,400535,Sicario: Day of the Soldado,2018-06-29,Action,6.7,1556,75836683,50072235,25764448,66.0,34.0
86,400579,Tully,2018-05-04,Comedy,6.9,732,15636462,9369755,6266707,59.9,40.1
87,400650,Mary Poppins Returns,2018-12-19,Comedy,6.6,1867,349537494,171958438,177579056,49.2,50.8
88,401469,Widows,2018-11-16,Crime,6.5,1211,75984700,42402632,33582068,55.8,44.2
89,401847,Can You Ever Forgive Me?,2018-10-19,Comedy,6.8,635,12442161,8803865,3638296,70.8,29.2
90,401981,Red Sparrow,2018-03-02,Mystery,6.5,3766,151572634,46874505,104698129,30.9,69.1
91,402900,Ocean's Eight,2018-06-08,Action,6.9,4330,297718711,140218711,157500000,47.1,52.9
92,404368,Ralph Breaks the Internet,2018-11-21,Adventure,7.2,3475,529323962,201091711,328232251,38.0,62.0
93,404782,Altered Perception,2018-05-04,Science Fiction,6.5,3,1259,1259,0,100.0,0.0
94,406563,Insidious: The Last Key,2018-01-05,Horror,6.1,1468,167885588,67745330,100140258,40.4,59.6
95,406761,Hotel Artemis,2018-06-08,Action,5.9,653,13313581,6708147,6605434,50.4,49.6
96,407451,A Wrinkle in Time,2018-03-09,Adventure,5.0,1179,132675864,100478608,32197256,75.7,24.3
97,407719,Golden Exits,2018-02-09,Drama,6.3,26,41888,41888,0,100.0,0.0
98,407890,Lean on Pete,2018-04-06,Adventure,6.9,153,2443584,1163056,1280528,47.6,52.4
99,408873,Kings,2018-04-27,Crime,6.1,72,910269,274635,635634,30.2,69.8
100,412302,Gemini,2018-03-30,Crime,5.6,72,200340,200340,0,100.0,0.0
101,412988,The Happytime Murders,2018-08-24,Action,5.6,507,27506452,20706452,6800000,75.3,24.7
102,414001,The Mercy,2018-11-30,Adventure,5.9,133,306205,29538,276667,9.6,90.4
103,414018,Damsel,2018-06-22,Comedy,5.0,35,323235,305136,18099,94.4,5.6
104,414454,Submission,2018-03-02,Drama,6.5,13,39985,39985,0,100.0,0.0
105,416194,The Quake,2018-12-14,Action,6.5,144,13747547,6235,13741312,0.0,100.0
106,416234,Winchester,2018-02-02,Fantasy,5.8,980,44019588,25091816,18927772,57.0,43.0
107,416494,Status Update,2018-02-09,Comedy,6.8,152,416178,4764,411414,1.1,98.9
108,417261,Forever My Girl,2018-01-26,Drama,7.4,492,16376066,16376066,0,100.0,0.0
109,417812,Wildlife,2018-10-19,Drama,6.8,228,3231638,1050616,2181022,32.5,67.5
110,419478,Midnight Sun,2018-03-23,Drama,7.7,1864,27365467,9561064,17804403,34.9,65.1
111,419743,Disobedience,2018-04-27,Drama,6.9,471,7870127,3498782,4371345,44.5,55.5
112,420814,Christopher Robin,2018-08-03,Adventure,7.4,1554,197744377,99215042,98529335,50.2,49.8
113,420915,Yardie,2018-01-20,Crime,5.9,24,1551163,36012,1515151,2.3,97.7
114,421471,Flower,2018-03-16,Comedy,6.5,108,380553,328188,52365,86.2,13.8
115,422708,Let the Corpses Tan,2018-08-31,Thriller,6.2,41,93409,93409,0,100.0,0.0
116,424121,Apostle,2018-09-21,Fantasy,6.1,662,23039243,17560475,5478768,76.2,23.8
117,424139,Halloween,2018-10-19,Horror,6.4,2413,255485178,159342015,96143163,62.4,37.6
118,424694,Bohemian Rhapsody,2018-11-02,Drama,8.0,9339,903655259,216428042,687227217,24.0,76.0
119,424781,Sorry to Bother You,2018-07-06,Comedy,6.9,629,18170707,17493096,677611,96.3,3.7
120,424783,Bumblebee,2018-12-21,Action,6.5,3095,467989645,127195589,340794056,27.2,72.8
121,425148,Show Dogs,2018-05-18,Adventure,5.9,110,39156854,17857020,21299834,45.6,54.4
122,425336,Loving Pablo,2018-06-15,Crime,6.2,578,17535962,22017,17513945,0.1,99.9
123,425373,The Miracle Season,2018-04-13,Drama,7.2,139,10230620,10230620,0,100.0,0.0
124,425505,Kin,2018-08-31,Action,6.1,388,10313019,5718096,4594923,55.4,44.6
125,426030,Finding Your Feet,2018-03-30,Comedy,7.2,69,15845593,1418682,14426911,9.0,91.0
126,426251,Love After Love,2018-03-30,Drama,5.8,7,121098,121098,0,100.0,0.0
127,426426,Roma,2018-11-21,Drama,7.8,2224,1148031,0,1148031,0.0,100.0
128,426543,The Nutcracker and the Four Realms,2018-11-02,Adventure,6.0,1172,173961069,54858851,119102218,31.5,68.5
129,426563,Holmes & Watson,2018-12-25,Adventure,4.4,330,40466970,30573626,9893344,75.6,24.4
130,426613,The Miseducation of Cameron Post,2018-08-03,Drama,7.0,408,1451729,904703,547026,62.3,37.7
131,426618,Where Hands Touch,2018-09-14,Drama,7.6,131,128269,67743,60526,52.8,47.2
132,427214,The Happy Prince,2018-10-05,Drama,6.8,86,2621992,466440,2155552,17.8,82.2
133,427641,Rampage,2018-04-13,Action,6.2,3562,428028233,101028233,327000000,23.6,76.4
134,428078,Mortal Engines,2018-12-14,Adventure,6.1,2324,83672673,15951040,67721633,19.1,80.9
135,429195,Dark River,2018-06-29,Thriller,6.0,37,239182,7714,231468,3.2,96.8
136,429197,Vice,2018-12-25,Comedy,7.1,1672,76073488,47836282,28237206,62.9,37.1
137,429202,Vox Lux,2018-12-07,Drama,5.9,158,1399272,727119,672153,52.0,48.0
138,429203,The Old Man & the Gun,2018-09-28,Comedy,6.3,672,17860397,11277120,6583277,63.1,36.9
139,429300,Adrift,2018-06-01,Thriller,6.8,1448,59945012,31445012,28500000,52.5,47.5
140,429351,12 Strong,2018-01-19,Action,5.8,1471,67450815,45819713,21631102,67.9,32.1
141,429417,Ghost Stories,2018-04-20,Drama,6.5,641,4131358,148747,3982611,3.6,96.4
142,429467,The Lodgers,2017-10-10,Drama,4.9,240,916727,7362,909365,0.8,99.2
143,429476,Hell Fest,2018-09-28,Horror,5.6,388,18159691,11107431,7052260,61.2,38.8
144,430040,The Hurricane Heist,2018-03-09,Action,5.5,545,32517248,6115825,26401423,18.8,81.2
145,430231,The Endless,2018-04-06,Horror,6.3,384,956425,272020,684405,28.4,71.6
146,430450,Sollers Point,2018-05-11,Drama,5.4,8,32608,32608,0,100.0,0.0
147,431185,He's Out There,2018-10-16,Horror,5.6,110,544674,0,544674,0.0,100.0
148,431491,Bodied,2018-11-02,Comedy,7.9,47,113956,113956,0,100.0,0.0
149,432165,The Pagan King,2018-09-14,History,6.4,20,18598,0,18598,0.0,100.0
150,432301,Chappaquiddick,2018-04-06,Drama,6.0,136,17986671,17395520,591151,96.7,3.3
151,432383,Luis and the Aliens,2018-12-31,Adventure,6.2,59,12627729,169710,12458019,1.3,98.7
152,432507,Claire's Camera,2018-03-09,Drama,6.4,19,191980,83418,108562,43.5,56.5
153,432527,Padmaavat,2018-01-25,Drama,6.9,136,22991060,11846060,11145000,51.5,48.5
154,433498,Papillon,2018-08-24,Crime,7.4,776,4516580,2335896,2180684,51.7,48.3
155,433627,7 Days in Entebbe,2018-03-16,Crime,5.8,212,8771432,3326885,5444547,37.9,62.1
156,433694,Sgt. Stubby: An American Hero,2018-04-13,Adventure,6.3,18,4932694,4015935,916759,81.4,18.6
157,434555,The Possession of Hannah Grace,2018-11-30,Drama,5.2,550,43016528,14837422,28179106,34.5,65.5
158,434596,An Actor Prepares,2018-08-31,Comedy,6.3,15,5891,1743,4148,29.6,70.4
159,434674,The Happys,2018-03-16,Drama,0.0,0,21108,21108,0,100.0,0.0
160,434767,God Bless the Broken Road,2018-09-07,Drama,6.5,10,2848233,2846257,1976,99.9,0.0
161,435557,The Party's Just Beginning,2018-12-07,Drama,6.9,24,4371,4145,226,94.8,5.2
162,436120,Lu Over the Wall,2018-05-11,Adventure,7.6,36,161253,109857,51396,68.1,31.9
163,436355,Vazante,2018-01-12,Drama,8.2,9,25091,23884,1207,95.2,4.8
164,436373,Primal Rage,2018-02-27,Horror,5.2,58,73383,21497,51886,29.3,70.7
165,437220,Have a Nice Day,2018-02-02,Animation,5.0,13,504003,79393,424610,15.8,84.2
166,437543,The Monkey King 3,2018-02-16,Action,5.8,22,115084576,187074,114897502,0.2,99.8
167,437557,Blockers,2018-04-06,Comedy,6.2,1111,94017294,60311495,33705799,64.1,35.9
168,437583,November,2018-02-23,Drama,7.7,45,19084,19084,0,100.0,0.0
169,437586,Mid90s,2018-10-19,Comedy,7.3,484,9303022,7362439,1940583,79.1,20.9
170,438145,Black '47,2018-09-28,Drama,6.7,118,2073063,57520,2015543,2.8,97.2
171,438259,Journey's End,2018-03-16,Drama,6.3,102,970809,161796,809013,16.7,83.3
172,438590,A-X-L,2018-08-24,Action,5.8,501,8467697,6501381,1966316,76.8,23.2
173,438799,Overlord,2018-11-09,Horror,6.6,1328,41657844,21704844,19953000,52.1,47.9
174,438808,White Boy Rick,2018-09-14,Crime,6.3,408,25957482,24011188,1946294,92.5,7.5
175,439015,Slender Man,2018-08-10,Horror,4.0,864,51738549,30569484,21169065,59.1,40.9
176,439079,The Nun,2018-09-07,Horror,5.6,3262,365550119,117450119,248100000,32.1,67.9
178,439988,Hitler's Hollywood,2018-04-11,Documentary,6.1,9,43766,43766,0,100.0,0.0
179,440095,El Mar La Mar,2018-02-23,Documentary,10.0,2,9065,9065,0,100.0,0.0
180,440161,The Sisters Brothers,2018-09-21,Comedy,7.0,828,13143056,3143056,10000000,23.9,76.1
181,440298,Cold War,2019-03-22,Drama,7.6,673,20272780,4580048,15692732,22.6,77.4
182,440424,Freak Show,2018-01-12,Comedy,7.3,58,20657,19696,961,95.3,4.7
183,442062,Goosebumps 2: Haunted Halloween,2018-10-12,Adventure,5.7,605,93320380,46700633,46619747,50.0,50.0
184,442064,Proud Mary,2018-01-12,Action,5.4,276,21753365,20877013,876352,96.0,4.0
185,442249,The First Purge,2018-07-04,Action,5.8,2125,137056262,69488745,67567517,50.7,49.3
186,442709,Nostalgia,2018-02-16,Drama,6.5,13,114603,114603,0,100.0,0.0
187,443009,"Don't Worry, He Won't Get Far on Foot",2018-07-13,Comedy,6.6,262,5586078,2793039,2793039,50.0,50.0
188,443463,Leave No Trace,2018-06-29,Drama,6.7,505,7682928,6046104,1636824,78.7,21.3
189,444431,Foxtrot,2018-03-02,Drama,7.1,85,1356159,618883,737276,45.6,54.4
190,445147,The Cage Fighter,2018-02-02,Action,6.7,3,3392,3392,0,100.0,0.0
191,445571,Game Night,2018-02-23,Comedy,6.9,3145,117679066,69179066,48500000,58.8,41.2
192,445651,The Darkest Minds,2018-08-03,Science Fiction,6.8,1428,41142379,12695691,28446688,30.9,69.1
193,446021,Bad Times at the El Royale,2018-10-12,Thriller,6.8,1828,31882724,17839115,14043609,56.0,44.0
194,446101,Assassination Nation,2018-09-21,Comedy,6.2,335,2584988,2005142,579846,77.6,22.4
195,446171,Mrs. Hyde,2018-04-27,Fantasy,4.1,47,778142,18627,759515,2.4,97.6
196,446695,An Evening with Beverly Luff Linn,2018-10-19,Comedy,6.2,33,27359,6701,20658,24.5,75.5
197,446696,Life Itself,2018-09-21,Drama,7.2,152,7884399,4102648,3781751,52.0,48.0
198,446807,The Girl in the Spider's Web,2018-11-09,Action,6.0,675,35164920,14841338,20323582,42.2,57.8
199,446827,Prodigy,2017-03-04,Drama,6.8,56,21150265,14856291,6293974,70.2,29.8
200,446894,Smallfoot,2018-09-28,Adventure,6.6,733,214040103,83240103,130800000,38.9,61.1
201,447200,Skyscraper,2018-07-13,Action,6.1,2526,304868961,68420120,236448841,22.4,77.6
202,447332,A Quiet Place,2018-04-06,Drama,7.3,6719,340939361,188024361,152915000,55.1,44.9
203,447682,Boundaries,2018-06-22,Comedy,6.0,20,755977,703438,52539,93.1,6.9
204,448095,I Still See You,2018-10-12,Fantasy,6.8,297,1620637,1359,1619278,0.0,99.9
205,448677,Head Full of Honey,2018-11-30,Drama,6.6,19,138844,12350,126494,8.9,91.1
206,448776,A Prayer Before Dawn,2018-08-10,Action,6.8,210,958883,14453,944430,1.5,98.5
207,449176,"Love, Simon",2018-03-16,Comedy,8.1,3599,66316289,40826341,25489948,61.6,38.4
208,449443,Den of Thieves,2018-01-19,Action,6.6,1423,80509622,44947622,35562000,55.8,44.2
209,449848,The Boy Downstairs,2018-02-16,Romance,5.8,19,73988,13638,60350,18.4,81.6
210,450484,An L.A. Minute,2018-08-24,,0.0,0,5004,5004,0,100.0,0.0
211,451204,The Last Movie Star,2018-03-30,Drama,6.4,36,14410,14410,0,100.0,0.0
212,451422,Little Pink House,2018-04-20,Drama,6.3,11,220948,220948,0,100.0,0.0
213,451915,Beautiful Boy,2018-10-12,Drama,7.6,746,17877506,8986631,8890875,50.3,49.7
214,451919,What They Had,2018-10-19,Drama,6.7,39,533579,260136,273443,48.8,51.2
215,451925,Time Freak,2018-11-09,Comedy,6.3,138,266490,10003,256487,3.8,96.2
216,452226,The King,2018-06-22,Documentary,6.0,4,273601,259291,14310,94.8,5.2
217,453201,The 15:17 to Paris,2018-02-09,Drama,5.4,904,57076286,36276286,20800000,63.6,36.4
218,453278,The Rider,2018-04-13,Drama,7.3,183,3434963,2419031,1015932,70.4,29.6
219,453354,Ava,2017-11-14,Drama,6.1,68,20940,20940,0,100.0,0.0
220,454283,Action Point,2018-06-01,Comedy,5.2,175,5103663,5059608,44055,99.1,0.9
221,454286,God's Not Dead: A Light in Darkness,2018-03-30,Drama,6.8,55,7414178,5728940,1685238,77.3,22.7
222,454293,Night School,2018-09-28,Comedy,6.0,922,103105878,77339130,25766748,75.0,25.0
223,454312,Tyrel,2018-12-05,Comedy,6.2,9,21456,21456,0,100.0,0.0
224,454619,Overboard,2018-05-04,Comedy,6.3,640,91244913,50316123,40928790,55.1,44.9
225,454652,Colette,2018-09-21,Drama,7.1,417,14273033,5137622,9135411,36.0,64.0
226,454904,Straight Into a Storm,2018-06-15,Documentary,0.0,0,2684,2684,0,100.0,0.0
227,454992,The Spy Who Dumped Me,2018-08-03,Action,6.4,1199,75320680,33562069,41758611,44.6,55.4
228,455108,The Little Stranger,2018-08-31,Drama,5.6,100,1824902,713143,1111759,39.1,60.9
229,455207,Crazy Rich Asians,2018-08-15,Comedy,7.0,1814,238532921,174532921,64000000,73.2,26.8
230,455401,Keep the Change,2018-03-16,Comedy,7.1,7,202788,202788,0,100.0,0.0
231,455980,Tag,2018-06-15,Comedy,6.7,1523,78130625,54730625,23400000,70.1,29.9
232,456086,Support the Girls,2018-08-24,Drama,6.2,68,139550,129124,10426,92.5,7.5
233,457136,Mary Queen of Scots,2018-12-07,Drama,6.6,831,46672564,16468499,30204065,35.3,64.7
234,457243,The Long Dumb Road,2018-11-09,Comedy,5.7,27,4667,4667,0,100.0,0.0
235,457775,The Devil and Father Amorth,2018-04-20,Documentary,5.4,52,20449,20449,0,100.0,0.0
236,457955,The Night Eats the World,2018-07-13,Drama,5.8,209,95208,0,95208,0.0,100.0
237,458080,Filmworker,2018-05-11,Documentary,7.3,27,112828,102609,10219,90.9,9.1
238,458203,Apocalypsis,2018-03-17,,7.5,3,20052,20052,0,100.0,0.0
239,458252,Tall Tales from the Magical Garden of Antoon Krings,2018-01-31,Animation,5.6,17,12353849,220,12353629,0.0,100.0
240,458344,"Juliet, Naked",2018-08-17,Comedy,6.5,187,4508260,3444895,1063365,76.4,23.6
241,458423,Mamma Mia! Here We Go Again,2018-07-20,Comedy,7.2,1945,395044706,120634935,274409771,30.5,69.5
242,458594,Peppermint,2018-09-07,Action,6.5,925,53918723,35418723,18500000,65.7,34.3
243,458737,First Reformed,2018-05-18,Drama,7.0,553,3862498,3448256,414242,89.3,10.7
244,458823,Acorn and the Firestorm,2018-04-06,History,5.0,1,2621,2621,0,100.0,0.0
245,460048,Heavy Trip,2018-10-05,Comedy,7.2,56,22460,10153,12307,45.2,54.8
246,460071,Lizzie,2018-09-14,Crime,5.9,81,844786,642157,202629,76.0,24.0
247,460555,Operation Red Sea,2018-02-23,Action,6.6,68,579220560,1543547,577677013,0.3,99.7
248,460668,I Feel Pretty,2018-04-20,Comedy,6.4,1259,94539426,48795601,45743825,51.6,48.4
249,460885,Mandy,2018-09-13,Action,6.2,760,1335484,1214525,120959,90.9,9.1
250,461844,Liyana,2018-10-10,Animation,0.0,2,44045,44045,0,100.0,0.0
251,461928,Anna and the Apocalypse,2018-11-30,Comedy,6.4,88,670430,545597,124833,81.4,18.6
252,463258,Colossal Youth,2018-08-03,Comedy,0.0,0,8968,8331,637,92.9,7.1
253,463272,Johnny English Strikes Again,2018-10-26,Comedy,6.2,1251,158970776,4412170,154558606,2.8,97.2
254,463821,The House with a Clock in Its Walls,2018-09-21,Fantasy,6.2,1128,131457147,68549695,62907452,52.1,47.9
255,464502,Acrimony,2018-03-30,Thriller,6.6,205,46403669,43549096,2854573,93.8,6.2
256,465136,Every Day,2018-02-23,Drama,7.0,1222,10421847,6102076,4319771,58.6,41.4
257,465155,Followers,2018-03-28,Thriller,6.0,6,3350,3350,0,100.0,0.0
258,465871,Maria by Callas,2018-11-02,Documentary,7.7,16,2185562,1267301,918261,58.0,42.0
259,465914,If Beale Street Could Talk,2018-12-14,Drama,7.1,528,20572691,14915773,5656918,72.5,27.5
260,466410,Who We Are Now,2018-05-25,Drama,5.6,14,19128,19128,0,100.0,0.0
261,466874,Mother,2018-03-10,Drama,7.7,3,25919,18762,7157,72.4,27.6
262,467632,Bad Samaritan,2018-05-04,Thriller,6.7,253,4623836,3435047,1188789,74.3,25.7
263,467660,Unsane,2018-03-23,Horror,6.2,799,14293601,7732899,6560702,54.1,45.9
264,467917,A Kid Like Jake,2018-06-01,Drama,6.2,47,60784,58403,2381,96.1,3.9
265,467936,The Children Act,2018-09-14,Drama,6.6,326,17696794,547750,17149044,3.1,96.9
266,467938,Revenge,2018-05-11,Action,6.3,819,913331,102091,811240,11.2,88.8
267,467952,The Catcher Was a Spy,2018-06-22,Drama,6.3,84,953953,725223,228730,76.0,24.0
268,468210,Sweet Country,2018-04-06,Drama,6.7,74,1847693,104297,1743396,5.6,94.4
269,468287,Hannah,2018-03-09,Drama,5.9,29,146325,11700,134625,8.0,92.0
270,468735,Madeline's Madeline,2018-08-10,Drama,6.3,36,197309,185576,11733,94.1,5.9
271,469062,Scotty and the Secret History of Hollywood,2018-07-27,Documentary,6.7,13,461689,461689,0,100.0,0.0
272,469721,The Cured,2018-02-23,Drama,5.5,139,323776,26630,297146,8.2,91.8
273,470044,The Hate U Give,2018-10-19,Crime,8.3,850,34934009,29719483,5214526,85.1,14.9
274,470333,Hearts Beat Loud,2018-06-08,Comedy,7.4,109,2417165,2386251,30914,98.7,1.3
275,470878,I Can Only Imagine,2018-03-16,Comedy,7.5,188,86022265,83482352,2539913,97.0,3.0
276,470894,At First Light,2018-03-10,Science Fiction,6.0,51,26338,3292,23046,12.5,87.5
277,470918,Beast,2018-05-11,Crime,6.8,104,1744071,800365,943706,45.9,54.1
278,471507,Destroyer,2018-12-25,Action,6.0,290,5580940,1533324,4047616,27.5,72.5
279,471856,Non-Fiction,2018-09-01,Comedy,5.5,83,3618888,704919,2913969,19.5,80.5
280,472226,Blood Fest,2018-03-09,Comedy,5.4,79,122833,82774,40059,67.4,32.6
281,472451,Boy Erased,2018-11-02,Drama,7.2,602,11853081,6788692,5064389,57.3,42.7
282,472608,The Final Year,2018-01-19,Documentary,7.4,21,262286,191900,70386,73.2,26.8
283,472805,Outside In,2018-03-30,Drama,6.6,27,68492,68492,0,100.0,0.0
284,473149,Traffik,2018-04-20,Thriller,5.8,191,9515914,9186156,329758,96.5,3.5
285,473262,"Nico, 1988",2018-07-04,Drama,7.2,43,83558,73304,10254,87.7,12.3
286,474335,Uncle Drew,2018-06-29,Comedy,6.5,249,46664414,42469946,4194468,91.0,9.0
287,474392,Samson,2018-02-16,Action,5.3,83,4873825,4719928,153897,96.8,3.2
288,474395,Teen Titans Go! To the Movies,2018-07-27,Action,7.0,397,52090236,29790236,22300000,57.2,42.8
289,474464,The Judge,2018-04-13,Documentary,7.5,2,23127,22257,870,96.2,3.8
290,474487,Chasing the Blues,2018-10-05,Comedy,0.0,0,14030,14030,0,100.0,0.0
291,474753,The China Hustle,2018-03-30,Documentary,7.8,33,48650,48650,0,100.0,0.0
292,475094,The Captain,2018-07-27,War,7.1,150,1196669,109226,1087443,9.1,90.9
293,475132,A Private War,2018-11-16,Drama,6.8,186,3826678,1633208,2193470,42.7,57.3
294,475215,Mirai,2018-11-30,Animation,7.3,234,27526961,812794,26714167,3.0,97.0
295,476292,Maquia: When the Promised Flower Blooms,2018-07-20,Animation,7.3,107,2569927,18539,2551388,0.7,99.3
297,476299,Ghostland,2018-06-22,Horror,7.2,941,5643957,0,5643957,0.0,100.0
298,476335,Shock and Awe,2018-07-13,Drama,6.6,43,182415,77980,104435,42.7,57.3
299,476764,The Front Runner,2018-11-06,Drama,6.0,162,3242235,2000105,1242130,61.7,38.3
300,476968,"Paul, Apostle of Christ",2018-03-28,History,7.0,104,23039243,17560475,5478768,76.2,23.8
301,477510,Dog Days,2018-08-24,Comedy,6.8,122,6819044,6809080,9964,99.9,0.1
302,477654,Museo,2018-09-14,Crime,6.7,42,759626,148505,611121,19.5,80.5
303,478426,"Westwood: Punk, Icon, Activist",2018-01-20,Documentary,5.9,8,386856,58979,327877,15.2,84.8
304,478427,Postcards from London,2018-11-09,Drama,5.8,10,15548,5312,10236,34.2,65.8
305,479574,Elliot,2017-10-05,Fantasy,0.0,0,1145012,24262,1120750,2.1,97.9
306,480530,Creed II,2018-11-21,Drama,6.8,2619,214115889,115715889,98400000,54.0,46.0
307,480853,Nancy,2018-06-08,Mystery,5.8,28,80115,80115,0,100.0,0.0
308,481370,Bigger,2018-10-13,Drama,6.0,13,51684,46382,5302,89.7,10.3
309,482150,Liz and the Blue Bird,2018-11-09,Animation,7.8,18,726454,63204,663250,8.7,91.3
310,482712,The Apparition,2018-09-07,Drama,6.3,73,3562793,28293,3534500,0.8,99.2
311,483315,Armed,2018-09-14,Action,4.3,9,3948,3948,0,100.0,0.0
312,483347,Little Women,2018-09-28,Drama,7.0,13,1428125,1379497,48628,96.6,3.4
313,483435,All About Nina,2018-09-28,Comedy,6.8,19,100335,100335,0,100.0,0.0
314,484247,A Simple Favor,2018-09-14,Comedy,6.6,2218,97644617,53548586,44096031,54.8,45.2
315,484355,Here and Now,2018-11-09,Drama,4.9,22,61271,13892,47379,22.7,77.3
316,484428,Becoming Astrid,2018-11-23,Drama,7.5,45,938766,120486,818280,12.8,87.2
317,484829,Swan Lake,2018-06-12,Music,0.0,0,88905,88905,0,100.0,0.0
318,486072,Leo Da Vinci: Mission Mona Lisa,2018-04-13,Adventure,5.4,33,2588859,19978,2568881,0.8,99.2
319,486947,The Guilty,2018-10-19,Crime,7.3,570,4598051,207140,4390911,4.5,95.5
320,487558,BlacKkKlansman,2018-07-30,Crime,7.6,3834,93400823,49275340,44125483,52.8,47.2
321,488036,Alien Intrusion: Unmasking a Deception,2018-01-11,Documentary,3.0,1,237411,237411,0,100.0,0.0
322,488637,Game Changers,2018-06-29,Documentary,7.8,4,3142,3142,0,100.0,0.0
323,488740,Of Fathers and Sons,2018-11-16,Documentary,6.8,21,12579,12579,0,100.0,0.0
324,489327,Stella's Last Weekend,2018-10-12,Comedy,7.4,11,4215,4215,0,100.0,0.0
325,489471,The Dawn Wall,2018-03-11,Adventure,8.3,104,1442013,970032,471981,67.3,32.7
326,489925,Eighth Grade,2018-07-13,Comedy,7.4,654,14347433,13539709,807724,94.4,5.6
327,489928,Blaze,2018-09-07,Drama,7.1,19,704955,704955,0,100.0,0.0
328,489930,Blindspotting,2018-07-20,Comedy,7.5,284,5004504,4333394,671110,86.6,13.4
329,489931,American Animals,2018-06-01,Crime,6.9,411,4080073,2856954,1223119,70.0,30.0
330,489934,Monsters and Men,2018-09-28,Drama,6.0,20,510967,500101,10866,97.9,2.1
331,489983,Crime + Punishment,2018-01-19,Documentary,5.0,1,18644,18644,0,100.0,0.0
332,489985,Minding the Gap,2018-01-21,Documentary,7.9,61,90328,11998,78330,13.3,86.7
333,489987,The Price of Everything,2018-01-19,Documentary,7.8,12,144446,87400,57046,60.5,39.5
334,489988,Three Identical Strangers,2018-06-29,Documentary,7.5,232,13448497,12320845,1127652,91.6,8.4
335,489995,306 Hollywood,2018-01-18,Documentary,6.5,2,18399,18399,0,100.0,0.0
336,489999,Searching,2018-08-24,Drama,7.6,1850,75462037,26020957,49441080,34.5,65.5
339,490000,We the Animals,2018-01-20,Drama,6.8,51,434743,400961,33782,92.2,7.8
340,490001,Believer,2018-01-20,Documentary,7.2,11,39047153,365639,38681514,0.9,99.1
341,490003,Won't You Be My Neighbor?,2018-06-08,Documentary,8.3,238,22842400,22835787,6613,100.0,0.0
342,490005,Never Goin' Back,2018-08-03,Comedy,6.5,34,61271,61271,0,100.0,0.0
343,490033,Holiday,2019-02-22,Drama,5.4,38,695130,695130,0,100.0,0.0
344,490071,Half the Picture,2018-06-08,Documentary,5.0,4,21589,21589,0,100.0,0.0
345,490132,Green Book,2018-11-16,Comedy,8.3,4820,321752656,85080171,236672485,26.4,73.6
346,490758,Bisbee '17,2018-09-05,Documentary,8.0,7,117470,117470,0,100.0,0.0
347,490778,Parchi,2018-01-12,Action,10.0,1,77110,69431,7679,90.0,10.0
348,490780,Dark Money,2018-01-22,Documentary,7.5,8,217932,217932,0,100.0,0.0
349,490785,"Hale County This Morning, This Evening",2018-01-19,Documentary,6.3,24,112282,112282,0,100.0,0.0
350,490795,The Last Race,2018-01-22,Documentary,5.0,1,11947,11947,0,100.0,0.0
351,490816,On Her Shoulders,2018-01-20,Documentary,5.4,4,40145,28288,11857,70.5,29.5
352,491052,The Gospel According to André,2018-04-27,Documentary,7.9,4,454550,400713,53837,88.2,11.8
353,491080,Over the Limit,2018-10-05,Documentary,8.0,8,3243,3243,0,100.0,0.0
354,491418,Instant Family,2018-11-16,Comedy,7.5,1105,120556201,67363237,53192964,55.9,44.1
355,491472,At Eternity's Gate,2018-11-16,Drama,6.9,674,11005713,2294915,8710798,20.9,79.1
356,491474,Skate Kitchen,2018-08-10,Drama,6.8,45,287307,236799,50508,82.4,17.6
357,491584,Burning,2018-11-09,Drama,7.4,485,7558651,718991,6839660,9.5,90.5
358,492344,Daughter of Mine,2018-04-20,Drama,6.3,27,379010,10628,368382,2.8,97.2
359,492452,Ben Is Back,2018-12-07,Drama,6.7,406,10134204,3703184,6431020,36.5,63.5
360,492998,Puzzle,2018-07-27,Drama,6.7,49,2260946,2032018,228928,89.9,10.1
361,493003,A Boy. A Girl. A Dream,2018-01-22,Romance,7.1,6,112552,112552,0,100.0,0.0
362,493014,Generation Wealth,2018-01-18,Documentary,7.1,31,287709,237709,50000,82.6,17.4
363,493089,Chef Flynn,2018-01-23,Documentary,6.3,3,69542,68407,1135,98.4,1.6
364,493092,Bad Reputation,2018-09-28,Documentary,6.4,7,154190,148568,5622,96.4,3.6
365,493099,RBG,2018-05-04,Documentary,7.8,145,14441292,14017361,423931,97.1,2.9
366,493101,Studio 54,2018-10-05,Documentary,6.6,27,227062,199767,27295,88.0,12.0
367,493121,Science Fair,2018-09-14,Documentary,7.2,9,277338,276195,1143,99.6,0.4
368,493551,Operation Finale,2018-08-29,Drama,6.7,338,17612099,17612099,0,100.0,0.0
369,493620,Aiyaary,2018-02-16,Action,5.5,25,143108,0,143108,0.0,100.0
370,493922,Hereditary,2018-06-08,Horror,7.0,3138,79336821,44069456,35267365,55.5,44.5
371,494407,Pokémon the Movie: The Power of Us,2018-07-31,Adventure,6.8,42,23740788,789170,22951618,3.3,96.7
372,495946,In the Land of Pomegranates,2018-01-05,,0.0,0,7014,7014,0,100.0,0.0
373,496076,Zero,2018-12-21,Comedy,5.1,40,2595762,1035388,1560374,39.9,60.1
374,497802,Pandas,2018-04-06,Documentary,6.8,6,5819601,5757906,61695,98.9,1.1
375,497814,Breaking In,2018-05-13,Action,5.8,350,51411620,46840590,4571030,91.1,8.9
376,497984,Monster Hunt 2,2018-02-14,Adventure,6.6,17,361682618,706153,360976465,0.2,99.8
377,497985,Wastelander,2018-02-02,Science Fiction,4.0,6,70045,70045,0,100.0,0.0
378,498919,La Boda de Valentina,2018-02-09,Comedy,6.3,7,11021794,2783739,8238055,25.3,74.7
379,499319,Duck Butter,2018-04-27,Drama,5.5,96,6877,6877,0,100.0,0.0
380,499556,An Elephant Sitting Still,2018-03-08,Drama,8.4,47,39599,32556,7043,82.2,17.8
381,499692,Ridge Runners,2018-01-19,Crime,2.5,2,26019,26019,0,100.0,0.0
382,500075,Desolation,2018-01-26,Thriller,5.0,5,18490,18490,0,100.0,0.0
383,500475,SuperFly,2018-06-13,Action,6.4,142,20780685,20545116,235569,98.9,1.1
384,500664,Upgrade,2018-06-01,Action,7.3,1639,14377130,11977130,2400000,83.3,16.7
385,500850,The Silence of Others,2019-05-08,Documentary,8.4,24,289455,67986,221469,23.5,76.5
386,500859,Black Mother,2018-03-01,Documentary,7.1,5,25919,18762,7157,72.4,27.6
387,500869,Viper Club,2018-10-26,Thriller,6.3,10,60607,60607,0,100.0,0.0
388,501630,Summer '03,2018-09-28,Comedy,5.9,70,11746,11746,0,100.0,0.0
389,502129,Garry Winogrand: All Things Are Photographable,2018-09-18,Documentary,6.0,2,44002,44002,0,100.0,0.0
390,502132,People's Republic of Desire,2018-11-30,Documentary,6.5,3,15241,15241,0,100.0,0.0
391,502133,Social Animals,2018-03-09,Documentary,6.5,11,5007,5007,0,100.0,0.0
392,502137,Weed the People,2018-10-16,Documentary,8.0,3,13926,13926,0,100.0,0.0
393,502138,The World Before Your Feet,2018-11-21,Documentary,7.7,3,268644,268644,0,100.0,0.0
394,502168,Meow Wolf: Origin Story,2018-11-29,Documentary,5.3,3,99488,99488,0,100.0,0.0
395,502188,Milford Graves Full Mantis,2018-07-13,Documentary,7.0,1,26566,26566,0,100.0,0.0
396,502194,Narcissister Organ Player,2018-01-19,Documentary,0.0,0,15334,15334,0,100.0,0.0
397,502259,A Wizard's Tale,2018-09-14,Adventure,5.9,22,5487261,2150,5485111,0.0,100.0
398,502354,The Gardener,2018-01-26,,0.0,0,62734,62734,0,100.0,0.0
399,502426,Furlough,2018-03-16,Comedy,5.8,29,8472,8472,0,100.0,0.0
400,502682,Book Club,2018-05-18,Comedy,6.1,383,104438188,68566296,35871892,65.7,34.3
401,502791,Bullitt County,2018-10-26,Action,5.7,3,11257,11257,0,100.0,0.0
402,503150,Eating Animals,2018-06-15,Documentary,7.3,8,153993,149614,4379,97.2,2.8
403,503257,Pick of the Litter,2018-01-19,Documentary,7.7,13,763688,578717,184971,75.8,24.2
404,503314,Dragon Ball Super: Broly,2019-01-16,Action,7.5,890,114102821,30712119,83390702,26.9,73.1
405,503616,Second Act,2018-12-21,Comedy,6.2,535,72282227,39282227,33000000,54.3,45.7
406,503811,Like Arrows,2018-05-01,Drama,6.0,1,928265,817990,110275,88.1,11.9
407,504172,The Mule,2018-12-14,Crime,6.6,2264,174504407,103804407,70700000,59.5,40.5
408,505058,Unfriended: Dark Web,2018-07-20,Horror,6.2,529,16024987,8866745,7158242,55.3,44.7
409,505177,10x10,2018-04-13,Thriller,5.2,270,68260,2263,65997,3.3,96.7
410,505192,Shoplifters,2018-11-23,Crime,8.0,697,67998954,3313513,64685441,4.9,95.1
411,505262,My Hero Academia: Two Heroes,2018-09-25,Animation,8.0,228,21022724,5754556,15268168,27.4,72.6
412,506398,LIV,2018-02-19,Comedy,0.0,0,18603476,104013,18499463,0.6,99.4
451,506651,E,2018-11-18,Animation,0.0,1,2048359754,678815482,1369544272,33.1,66.9
576,506680,Unbroken: Path to Redemption,2018-09-14,Drama,6.7,36,6216897,6216897,0,100.0,0.0
577,506971,Teefa in Trouble,2018-07-20,Action,7.3,12,324633,0,324633,0.0,100.0
578,507076,Climax,2019-03-01,Drama,7.1,577,2027391,817339,1210052,40.3,59.7
579,507195,Guilt,2018-03-10,Drama,9.0,1,4598051,207140,4390911,4.5,95.5
580,507256,Whitney,2018-07-06,Documentary,7.8,99,4605123,3026351,1578772,65.7,34.3
581,507331,A Girl,2018-03-27,Drama,6.0,1,112552,112552,0,100.0,0.0
582,507505,El Angel,2018-11-09,Crime,7.0,143,5604680,109608,5495072,2.0,98.0
583,507527,Getting Grace,2018-03-23,,3.5,3,217812,217812,0,100.0,0.0
584,508003,McQueen,2018-04-22,Documentary,8.0,54,2739246,1257275,1481971,45.9,54.1
585,508422,Penguin Highway,2018-12-31,Adventure,7.6,42,4006647,104567,3902080,2.6,97.4
586,509306,The Box,2018-03-04,Music,6.0,1,78676,78676,0,100.0,0.0
599,509999,American Socialist: The Life and Times of Eugene Victor Debs,2018-03-02,Documentary,7.0,1,12609,12609,0,100.0,0.0
600,510737,The Samuel Project,2018-10-05,,0.0,0,161565,161565,0,100.0,0.0
601,510883,The Darkest,2018-03-23,Horror,0.0,6,41142379,12695691,28446688,30.9,69.1
602,511858,One Last Thing,2018-06-13,Drama,8.0,6,6232,6232,0,100.0,0.0
603,511972,"Love, Gilda",2018-04-18,Documentary,7.3,24,626318,626318,0,100.0,0.0
604,512064,Anne,2019-03-07,Horror,2.7,6,35714,31177,4537,87.3,12.7
605,512230,Charm City,2018-04-22,Documentary,9.0,1,29335,29335,0,100.0,0.0
606,512404,Ice Dragon: Legend of the Blue Daisies,2018-03-24,Adventure,8.4,4,20549,20549,0,100.0,0.0
607,513147,Pie,2018-03-02,,0.0,0,130319,119223,11096,91.5,8.5
608,513324,Higher Power,2018-05-11,Action,5.1,49,528,528,0,100.0,0.0
609,513427,King Lear,2018-09-27,Drama,6.1,26,185305,185305,0,100.0,0.0
610,513574,Battle,2018-12-01,Drama,6.5,473,41509280,472166,41037114,1.1,98.9
611,513789,The Doctor From India,2018-02-02,Documentary,0.0,0,67136,67136,0,100.0,0.0
612,514311,Grave,2018-03-26,Drama,0.0,0,516962,516962,0,100.0,0.0
614,514407,Indivisible,2018-10-26,Drama,5.9,18,3589633,3511417,78216,97.8,2.2
615,514410,Ice,2018-03-26,Drama,7.3,3,76073488,47836282,28237206,62.9,37.1
625,514558,Cynthia,2018-08-31,Comedy,5.2,6,58177,58177,0,100.0,0.0
626,514619,Nobody's Fool,2018-11-02,Comedy,6.1,129,33532593,31713110,1819483,94.6,5.4
627,514748,Fourplay,2018-03-30,Comedy,5.0,2,3550,3550,0,100.0,0.0
628,514758,The Last Resort,2018-01-23,Documentary,7.5,2,158646,158646,0,100.0,0.0
629,514976,93Queen,2018-01-01,Documentary,7.0,1,76056,76056,0,100.0,0.0
630,515042,Free Solo,2018-08-31,Documentary,8.0,514,29318861,17541090,11777771,59.8,40.2
631,515651,Letter from Masanjia,2018-09-14,Documentary,8.0,1,23481,23481,0,100.0,0.0
632,515812,Fest,2018-02-26,Animation,0.0,0,18159691,11107431,7052260,61.2,38.8
634,516088,I Am MLK Jr.,2018-04-04,Documentary,0.0,0,5918,5918,0,100.0,0.0
635,516237,Gray Matter,2018-05-15,Science Fiction,5.3,9,38034,38034,0,100.0,0.0
636,516321,The Assassin's Code,2018-05-11,Action,5.5,14,53940,11218,42722,20.8,79.2
638,517320,The Pact,2018-08-17,Horror,5.0,31,1855647,2488,1853159,0.1,99.9
639,517814,Capernaum,2018-12-14,Drama,8.3,505,64398132,1661096,62737036,2.6,97.4
640,517839,Border,2018-10-26,Drama,6.7,291,2177678,771930,1405748,35.4,64.6
641,517892,Nana,2018-04-13,Documentary,0.0,0,2784,2784,0,100.0,0.0
642,517991,The Spy Gone North,2018-08-17,Drama,7.5,49,38844509,500803,38343706,1.3,98.7
643,518068,Along with the Gods: The Last 49 Days,2018-08-01,Action,7.6,61,97962238,1200246,96761992,1.2,98.8
644,518496,Sauvage,2019-04-10,Drama,6.8,69,317536,61604,255932,19.4,80.6
645,518514,An Elephant's Journey,2018-04-16,Adventure,3.8,4,24844,24844,0,100.0,0.0
646,518516,The Dating Project,2018-04-17,Documentary,0.0,0,208100,208100,0,100.0,0.0
647,519255,Bel Canto,2018-09-14,Drama,5.1,43,350264,125569,224695,35.8,64.2
648,519334,The Riot and the Dance,2018-03-19,,0.0,0,316103,316103,0,100.0,0.0
649,519335,Goodland,2018-05-11,Crime,4.0,1,32140,32140,0,100.0,0.0
650,519729,Still,2018-04-21,Drama,5.6,9,1620637,1359,1619278,0.0,99.9
654,520358,Champion,2018-05-18,Drama,6.2,6,8974547,97472,8877075,1.1,98.9
657,520596,The Oath,2018-10-12,Comedy,5.6,41,401463,401463,0,100.0,0.0
658,520930,Summer of '67,2018-06-29,Drama,6.8,2,8941,8941,0,100.0,0.0
659,521377,Exit,2018-04-27,Science Fiction,0.0,0,41888,41888,0,100.0,0.0
660,521862,Active Measures,2018-08-31,Documentary,8.3,11,19862,19862,0,100.0,0.0
661,521935,Cam,2018-11-16,Horror,5.9,726,1451729,904703,547026,62.3,37.7
668,522708,20,2018-05-06,Documentary,0.0,0,70186029,1175067,69010962,1.7,98.3
684,522866,Searching for Ingmar Bergman,2018-11-02,Documentary,5.7,7,64742,36686,28056,56.7,43.3
685,522921,How Long Will I Love U,2018-05-17,Comedy,7.4,11,82881319,746933,82134386,0.9,99.1
686,523427,Puffs: Filmed Live Off Broadway,2018-05-09,Comedy,10.0,1,464483,464483,0,100.0,0.0
687,523604,The Legend of Hallowaiian,2018-10-18,Action,0.0,0,53738,451,53287,0.8,99.2
688,523773,Little Italy,2018-09-21,Comedy,6.7,233,1362536,990230,372306,72.7,27.3
689,523798,Above and Beyond: NASA's Journey to Tomorrow,2018-10-13,Documentary,7.3,3,74711,74711,0,100.0,0.0
690,523866,American Dream: Detroit,2018-05-01,Documentary,0.0,0,55092,55092,0,100.0,0.0
691,523910,The Aliens,2018-04-17,Drama,7.0,1,12627729,169710,12458019,1.3,98.7
692,523926,Papa,2018-06-14,Drama,0.0,0,1278065,13331,1264734,1.0,99.0
693,524141,Reign of Judges: Title of Liberty - Concept Short,2018-03-15,Action,0.0,0,98408,93224,5184,94.7,5.3
694,525213,Ya veremos,2018-08-31,Comedy,6.6,20,14134723,4165949,9968774,29.5,70.5
695,525662,Spiral,2018-06-22,Documentary,0.0,0,8190,8190,0,100.0,0.0
697,526044,La Traviata,2018-04-16,,0.0,0,1982588,1882931,99657,95.0,5.0
698,526047,Godspeed: The Race Across America,2018-05-22,,0.0,0,96690,96690,0,100.0,0.0
699,526051,Look Away,2018-10-12,Horror,6.0,243,5083864,1304042,3779822,25.7,74.3
701,526103,Ride,2018-04-27,,0.0,0,3434963,2419031,1015932,70.4,29.6
702,527415,Lobster Cop,2018-06-22,Comedy,0.0,1,10373129,85693,10287436,0.8,99.2
703,527716,The Texture of Falling,2018-06-01,Drama,9.0,1,5010,5010,0,100.0,0.0
704,527955,Heading Home: The Tale of Team Israel,2018-02-10,Documentary,0.0,0,207533,207533,0,100.0,0.0
705,528457,Sunset,2018-04-27,Drama,7.5,1,1083299,164906,918393,15.2,84.8
707,529237,Mantra: Sounds Into Silence,2017-06-02,Documentary,4.0,1,135684,115013,20671,84.8,15.2
708,529784,A Faithful Man,2018-10-07,Comedy,5.7,79,1719282,77491,1641791,4.5,95.5
709,530330,Perfect,2018-07-27,,0.0,0,114289,90964,23325,79.6,20.4
710,530454,American Chaos,2018-09-14,Documentary,6.5,8,12368,12368,0,100.0,0.0
711,530748,Hum,2018-06-16,Thriller,0.0,0,108371,0,108371,0.0,100.0
713,530822,Silence,2018-02-23,Documentary,0.0,0,289455,67986,221469,23.5,76.5
716,531164,Calling All Earthlings,2018-08-28,Documentary,7.0,1,6756,6756,0,100.0,0.0
717,531165,Zoo Wars,2018-04-20,Animation,3.5,4,8998,8998,0,100.0,0.0
718,532183,Bandstand: The Broadway Musical,2018-06-25,Music,9.0,1,839554,839554,0,100.0,0.0
720,532868,Death of a Nation,2018-08-03,Documentary,5.2,18,5885881,5885881,0,100.0,0.0
721,532908,Fahrenheit 11/9,2018-09-10,Documentary,7.2,199,6674168,6352306,321862,95.2,4.8
722,534282,Head,2015-03-28,Horror,1.0,1,207533,207533,0,100.0,0.0
726,534338,An Interview with God,2018-08-20,Drama,6.7,58,2251795,1201434,1050361,53.4,46.6
727,534344,Running for Grace,2018-08-17,Romance,6.8,24,89988,89988,0,100.0,0.0
728,536404,Wolf,2018-07-15,Horror,6.0,1,99488,99488,0,100.0,0.0
729,536768,Beautifully Broken,2018-08-24,Drama,8.0,1,1271572,1209645,61927,95.1,4.9
730,537723,Instant,2018-07-19,Science Fiction,7.0,2,120556201,67363237,53192964,55.9,44.1
731,537751,Gosnell: The Trial of America's Biggest Serial Killer,2018-10-12,Crime,5.4,15,3679893,3679893,0,100.0,0.0
733,539070,Fragments of Truth,2018-04-24,Documentary,0.0,0,219342,219342,0,100.0,0.0
734,539199,The Great Buster: A Celebration,2018-10-05,Documentary,7.1,8,125807,118344,7463,94.1,5.9
735,541342,The Riot Act,2018-09-14,Thriller,6.0,1,75506,75506,0,100.0,0.0
736,541560,The Wind,2018-09-20,Horror,5.1,43,452372,400530,51842,88.5,11.5
737,541701,Play,2018-08-10,Documentary,8.0,1,582890172,137690172,445200000,23.6,76.4
740,542020,RUN,2018-08-12,Thriller,0.0,0,288175335,58032443,230142892,20.1,79.9
746,542557,Pure,2017-12-07,Horror,10.0,1,11813509,422814,11390695,3.6,96.4
748,542994,Jane and Emma,2018-10-12,Drama,7.5,1,380030,380030,0,100.0,0.0
749,543089,Divide and Conquer: The Story of Roger Ailes,2018-12-07,Documentary,7.3,5,38510,38510,0,100.0,0.0
750,543208,Trust Machine: The Story of Blockchain,2018-10-26,Documentary,0.0,0,14905,14905,0,100.0,0.0
751,543580,They Shall Not Grow Old,2018-12-17,Documentary,8.0,163,19130011,17956913,1173098,93.9,6.1
752,543749,Silencio,2018-10-26,Drama,8.0,4,338596,158723,179873,46.9,53.1
753,543994,Saf,2018-09-10,Drama,9.0,1,7079175,1737,7077438,0.0,100.0
754,544431,The Clovehitch Killer,2018-11-16,Crime,6.4,192,167994,8208,159786,4.9,95.1
755,544611,The Other Side,2018-08-25,Drama,0.0,0,4685,4685,0,100.0,0.0
756,546377,Grace,2018-09-23,Comedy,10.0,1,43016528,14837422,28179106,34.5,65.5
760,546512,War,2018-07-31,Comedy,0.0,0,2048359754,678815482,1369544272,33.1,66.9
771,546565,In Search of Greatness,2018-11-02,Documentary,7.0,1,58090,58090,0,100.0,0.0
772,546567,Shine,2018-10-05,Drama,9.5,2,333388,333388,0,100.0,0.0
773,547454,Never Heard,2018-11-01,Drama,7.8,6,105271,105271,0,100.0,0.0
774,547967,Moses,2018-09-13,Drama,9.0,1,1807117,1807117,0,100.0,0.0
775,547973,Game Changer,2018-06-23,Animation,7.0,1,3142,3142,0,100.0,0.0
776,548061,Puccini: La Bohème,2018-02-24,Music,0.0,0,1764201,1764201,0,100.0,0.0
777,548063,Runner,2018-08-21,Drama,9.5,2,288175335,58032443,230142892,20.1,79.9
780,548537,Boys,2018-08-28,Drama,7.1,43,2713955,1349,2712606,0.0,100.0
781,548754,River Runs Red,2018-11-09,Thriller,4.9,20,61789,9893,51896,16.0,84.0
782,548786,American Dresser,2018-09-21,Adventure,5.7,7,3895,3895,0,100.0,0.0
783,548887,The Trump Prophecy,2018-10-02,Drama,5.0,4,671198,671198,0,100.0,0.0
784,549094,Pepper,2018-04-05,Drama,0.0,0,53918723,35418723,18500000,65.7,34.3
785,549154,Moynihan,2018-10-03,Documentary,0.0,0,31970,31970,0,100.0,0.0
786,549356,Crazy,2018-09-17,,0.0,0,238532921,174532921,64000000,73.2,26.8
787,549936,CC,2018-09-22,Science Fiction,0.0,0,24243825,179045,24064780,0.7,99.3
794,550108,Live,2018-09-18,Horror,1.0,1,3511123,3508777,2346,99.9,0.0
797,550503,The Advocates,2018-09-22,Documentary,0.0,0,10402,10402,0,100.0,0.0
798,551417,Ada,2018-10-01,,0.0,0,129730,129730,0,100.0,0.0
799,551634,Last Letter,2018-11-09,Romance,6.0,2,11834622,180946,11653676,1.5,98.5
800,551738,Urn,2018-10-01,Horror,0.0,0,349537494,171958438,177579056,49.2,50.8
809,551744,Sebastian,2018-03-10,Horror,0.0,0,229983,105890,124093,46.0,54.0
811,552882,Girl,2018-10-13,Drama,0.0,0,35164920,14841338,20323582,42.2,57.8
818,554015,Seasons,2018-01-29,,0.0,0,130319,119223,11096,91.5,8.5
819,554110,In Echo Park,2018-02-23,Crime,7.3,3,7072,7072,0,100.0,0.0
820,554205,A Cool Fish,2018-11-16,Comedy,6.1,14,118153135,551876,117601259,0.5,99.5
821,554305,Doe,2018-09-27,Thriller,7.0,3,19919,19919,0,100.0,0.0
823,554667,Pop,2018-10-17,,0.0,0,349537494,171958438,177579056,49.2,50.8
825,554683,Feet,2018-06-09,,0.0,0,15845593,1418682,14426911,9.0,91.0
827,554697,Toto,2018-08-01,Drama,0.0,0,27083857,1144649,25939208,4.2,95.8
828,554779,Swing Kids,2018-12-21,Drama,8.3,19,10397408,222001,10175407,2.1,97.9
829,555453,Detour,2018-08-03,Adventure,0.0,0,16172,16172,0,100.0,0.0
830,556693,Group,2017-12-01,Documentary,0.0,0,37058,37058,0,100.0,0.0
831,557179,The Lost Village,2018-10-19,Documentary,0.0,0,1780,1780,0,100.0,0.0
832,557182,TVTV: Video Revolutionaries,2018-10-19,Documentary,0.0,0,812,812,0,100.0,0.0
833,557660,Making The Five Heartbeats,2018-08-27,Documentary,0.0,0,67415,67415,0,100.0,0.0
834,557973,Peace,2018-10-28,Documentary,0.0,0,4400,4400,0,100.0,0.0
835,558199,Wings,2018-10-21,Fantasy,0.0,0,123830,123830,0,100.0,0.0
836,558205,Jane,2018-10-21,Drama,6.0,1,380030,380030,0,100.0,0.0
837,559199,Dol,2018-11-04,,0.0,0,130319,119223,11096,91.5,8.5
838,559515,Made for More,2018-01-01,Documentary,0.0,0,2999134,2999134,0,100.0,0.0
839,561089,Eve,2018-07-27,Science Fiction,0.0,0,80509622,44947622,35562000,55.8,44.2
859,561594,Twiceland,2018-12-07,Music,6.0,1,186078,52874,133204,28.4,71.6
860,561932,Two,2018-02-04,,1.0,1,21022724,5754556,15268168,27.4,72.6
865,562323,Rising,2018-09-21,Drama,0.0,0,290930148,59874525,231055623,20.6,79.4
868,564642,Vent,2018-11-16,,0.0,0,185082,185082,0,100.0,0.0
872,566116,Deontay Wilder vs. Tyson Fury,2018-12-01,Action,0.0,0,304482,304482,0,100.0,0.0
873,567129,Ian,2018-12-05,Family,8.8,2,903655259,216428042,687227217,24.0,76.0
882,567604,Once Upon a Deadpool,2018-12-11,Action,6.9,314,50500309,6100309,44400000,12.1,87.9
883,568081,Butterfly,2018-04-20,Music,0.0,0,129730,129730,0,100.0,0.0
884,568084,BEAUTY,2018-06-29,Music,0.0,0,1368,1368,0,100.0,0.0
886,569485,Skin,2018-08-18,Comedy,6.8,40,1278065,13331,1264734,1.0,99.0
888,569840,From the Heart,2018-12-13,Drama,0.0,0,58597,58597,0,100.0,0.0
889,570556,Buttons,2018-12-08,Family,6.5,2,151983,151983,0,100.0,0.0
890,571815,Dawn,2018-01-25,Drama,6.0,1,1442013,970032,471981,67.3,32.7
893,571977,Simón,2018-10-11,Drama,0.0,0,66316289,40826341,25489948,61.6,38.4
894,573641,End of the World,2018-12-20,Science Fiction,3.6,16,37013733,118660,36895073,0.3,99.7
895,577744,Fall,2018-03-01,Action,0.0,0,1308467944,417719760,890748184,31.9,68.1
899,578219,Bread,2018-12-21,Action,10.0,1,2426907,834,2426073,0.0,100.0
901,578400,Hunter,2018-08-29,Thriller,0.0,0,31672678,15767460,15905218,49.8,50.2
902,580719,Weight,2018-06-19,Comedy,9.0,1,4461,4461,0,100.0,0.0
903,583238,Paul,2018-05-18,,0.0,0,23039243,17560475,5478768,76.2,23.8
905,586032,1,2018-05-16,,0.0,0,70186029,1175067,69010962,1.7,98.3
906,588579,Trust,2018-01-01,,0.0,0,14905,14905,0,100.0,0.0
907,589665,Out on Stage,2018-07-24,,0.0,0,15623,15623,0,100.0,0.0
908,590946,I,2018-03-21,Family,10.0,1,528,528,0,100.0,0.0
909,591528,FEAR,2018-07-19,,0.0,0,605764,605764,0,100.0,0.0
911,601576,Rink,2018-01-01,Comedy,9.0,1,132675864,100478608,32197256,75.7,24.3
912,603476,Angel,2018-07-21,Horror,4.0,1,5604680,109608,5495072,2.0,98.0
915,605160,Mercy,2018-03-31,Comedy,0.0,0,306205,29538,276667,9.6,90.4
916,606073,Brothers,2018-09-18,Music,0.0,0,13143056,3143056,10000000,23.9,76.1
918,606820,Ace,2018-10-07,,0.0,0,340939361,188024361,152915000,55.1,44.9
933,608213,Safe,2018-02-21,,0.0,0,7079175,1737,7077438,0.0,100.0
934,609823,A Prayer,2018-07-17,Drama,0.0,0,958883,14453,944430,1.5,98.5
936,615324,HERO,2018-04-16,,7.0,1,21022724,5754556,15268168,27.4,72.6
941,617120,Test,2018-05-22,Drama,0.0,0,124573,124573,0,100.0,0.0
942,617221,Touch Me Not,2018-08-03,Romance,0.0,0,75507,13782,61725,18.3,81.7
946,621048,Perception,2018-05-10,Thriller,5.0,3,1259,1259,0,100.0,0.0
947,621937,Ann,2018-06-14,,0.0,0,43070915,32732301,10338614,76.0,24.0
954,624086,Summer,2018-01-20,,5.0,1,528583774,167510016,361073758,31.7,68.3
959,624497,Lost,2018-11-02,Drama,0.0,0,164026,125173,38853,76.3,23.7
961,629374,John,2018-09-08,Comedy,0.0,0,158970776,4412170,154558606,2.8,97.2
963,629802,Time,2018-10-08,Action,0.0,0,132675864,100478608,32197256,75.7,24.3
973,641110,ACES,2018-02-13,Drama,0.0,0,2191516,72324,2119192,3.3,96.7
