movie_id,title,release_date,genre_ids,popularity,vote_avg,vote_count,genre_id,genre,Rank,Name,Total_Rev,Domestic_Rev,Foreign_Rev,Foreign_Percent,Domestic_Percent
299536,"Avengers: Infinity War",2018-04-27,28,84.844,8.3,15989,28,Action,1,"Avengers: Infinity War",2048359754,678815482,1369544272,33.1,66.9
284054,"Black Panther",2018-02-16,28,43.492,7.4,13751,28,Action,2,"Black Panther",1346913161,700059566,646853595,52,48
351286,"Jurassic World: Fallen Kingdom",2018-06-22,28,30.743,6.5,6636,28,Action,3,"Jurassic World: Fallen Kingdom",1308467944,417719760,890748184,31.9,68.1
260513,"Incredibles 2",2018-06-15,28,27.087,7.5,7299,28,Action,4,"Incredibles 2",1242805359,608581744,634223615,49,51
297802,Aquaman,2018-12-21,28,31.629,6.8,7462,28,Action,5,Aquaman,1148161807,335061807,813100000,29.2,70.8
424694,"Bohemian Rhapsody",2018-11-02,18,43.607,8,9339,18,Drama,6,"Bohemian Rhapsody",903655259,216428042,687227217,24,76
335983,Venom,2018-10-05,28,37.059,6.6,7531,28,Action,7,Venom,856085151,213515506,642569645,24.9,75.1
353081,"Mission: Impossible - Fallout",2018-07-27,28,31.377,7.3,4373,28,Action,8,"Mission: Impossible - Fallout",791115104,220159104,570956000,27.8,72.2
383498,"Deadpool 2",2018-05-10,28,37.399,7.5,9966,28,Action,9,"Deadpool 2",734546611,318491426,416055185,43.4,56.6
338952,"Fantastic Beasts: The Crimes of Grindelwald",2018-11-16,12,27.632,6.9,5778,12,Adventure,10,"Fantastic Beasts: The Crimes of Grindelwald",653755901,159555901,494200000,24.4,75.6
363088,"Ant-Man and the Wasp",2018-07-06,28,30.011,7,7337,28,Action,11,"Ant-Man and the Wasp",622674139,216648740,406025399,34.8,65.2
333339,"Ready Player One",2018-03-29,12,25.921,7.6,8023,12,Adventure,12,"Ready Player One",582890172,137690172,445200000,23.6,76.4
460555,"Operation Red Sea",2018-02-23,28,12.103,6.6,68,28,Action,13,"Operation Red Sea",579220560,1543547,577677013,0.3,99.7
345940,"The Meg",2018-08-10,28,28.77,5.9,3401,28,Action,15,"The Meg",530243742,145443742,384800000,27.4,72.6
404368,"Ralph Breaks the Internet",2018-11-21,12,32.646,7.2,3475,12,Adventure,16,"Ralph Breaks the Internet",529323962,201091711,328232251,38,62
400155,"Hotel Transylvania 3: Summer Vacation",2018-06-30,16,20.283,6.8,1940,16,Animation,17,"Hotel Transylvania 3: Summer Vacation",528583774,167510016,361073758,31.7,68.3
424783,Bumblebee,2018-12-21,28,27.369,6.5,3095,28,Action,19,Bumblebee,467989645,127195589,340794056,27.2,72.8
332562,"A Star Is Born",2018-10-05,18,61.423,7.5,6916,18,Drama,20,"A Star Is Born",434888866,215288866,219600000,49.5,50.5
427641,Rampage,2018-04-13,28,25.87,6.2,3562,28,Action,21,Rampage,428028233,101028233,327000000,23.6,76.4
458423,"Mamma Mia! Here We Go Again",2018-07-20,35,13.587,7.2,1945,35,Comedy,22,"Mamma Mia! Here We Go Again",395044706,120634935,274409771,30.5,69.5
348350,"Solo: A Star Wars Story",2018-05-25,28,36.284,6.6,4470,28,Action,23,"Solo: A Star Wars Story",392924807,213767512,179157295,54.4,45.6
324857,"Spider-Man: Into the Spider-Verse",2018-12-14,28,41.288,8.4,5777,28,Action,24,"Spider-Man: Into the Spider-Verse",375540831,190241310,185299521,50.7,49.3
337167,"Fifty Shades Freed",2018-02-09,18,20.455,6.2,3816,18,Drama,25,"Fifty Shades Freed",371985018,100407760,271577258,27,73
439079,"The Nun",2018-09-07,27,25.543,5.6,3262,27,Horror,26,"The Nun",365550119,117450119,248100000,32.1,67.9
497984,"Monster Hunt 2",2018-02-14,12,2.776,6.6,17,12,Adventure,27,"Monster Hunt 2",361682618,706153,360976465,0.2,99.8
381719,"Peter Rabbit",2018-02-09,12,13.801,6.5,741,12,Adventure,28,"Peter Rabbit",351266433,115253424,236013009,32.8,67.2
400650,"Mary Poppins Returns",2018-12-19,35,22.678,6.6,1867,35,Comedy,29,"Mary Poppins Returns",349537494,171958438,177579056,49.2,50.8
447332,"A Quiet Place",2018-04-06,18,24.792,7.3,6719,18,Drama,30,"A Quiet Place",340939361,188024361,152915000,55.1,44.9
490132,"Green Book",2018-11-16,35,23.574,8.3,4820,35,Comedy,31,"Green Book",321752656,85080171,236672485,26.4,73.6
447200,Skyscraper,2018-07-13,28,22.349,6.1,2526,28,Action,32,Skyscraper,304868961,68420120,236448841,22.4,77.6
402900,"Ocean's Eight",2018-06-08,28,21.236,6.9,4330,28,Action,33,"Ocean's Eight",297718711,140218711,157500000,47.1,52.9
268896,"Pacific Rim: Uprising",2018-03-23,28,21.795,5.9,2533,28,Action,34,"Pacific Rim: Uprising",290930148,59874525,231055623,20.6,79.4
336843,"Maze Runner: The Death Cure",2018-01-26,28,21.704,7,4308,28,Action,35,"Maze Runner: The Death Cure",288175335,58032443,230142892,20.1,79.9
338970,"Tomb Raider",2018-03-16,28,19.857,6.3,4809,28,Action,36,"Tomb Raider",274650803,58250803,216400000,21.2,78.8
424139,Halloween,2018-10-19,27,24.733,6.4,2413,27,Horror,37,Halloween,255485178,159342015,96143163,62.4,37.6
455207,"Crazy Rich Asians",2018-08-15,35,15.121,7,1814,35,Comedy,38,"Crazy Rich Asians",238532921,174532921,64000000,73.2,26.8
480530,"Creed II",2018-11-21,18,22.644,6.8,2619,18,Drama,39,"Creed II",214115889,115715889,98400000,54,46
446894,Smallfoot,2018-09-28,12,19.577,6.6,733,12,Adventure,40,Smallfoot,214040103,83240103,130800000,38.9,61.1
420814,"Christopher Robin",2018-08-03,12,18.598,7.4,1554,12,Adventure,42,"Christopher Robin",197744377,99215042,98529335,50.2,49.8
345887,"The Equalizer 2",2018-07-20,53,22.583,6.5,2416,53,Thriller,43,"The Equalizer 2",190400157,102084362,88315795,53.6,46.4
504172,"The Mule",2018-12-14,80,22.003,6.6,2264,80,Crime,44,"The Mule",174504407,103804407,70700000,59.5,40.5
426543,"The Nutcracker and the Four Realms",2018-11-02,12,23.948,6,1172,12,Adventure,45,"The Nutcracker and the Four Realms",173961069,54858851,119102218,31.5,68.5
406563,"Insidious: The Last Key",2018-01-05,27,20.724,6.1,1468,27,Horror,46,"Insidious: The Last Key",167885588,67745330,100140258,40.4,59.6
346910,"The Predator",2018-09-14,28,23.076,5.3,2377,28,Action,47,"The Predator",160542134,51024708,109517426,31.8,68.2
463272,"Johnny English Strikes Again",2018-10-26,35,17.046,6.2,1251,35,Comedy,48,"Johnny English Strikes Again",158970776,4412170,154558606,2.8,97.2
401981,"Red Sparrow",2018-03-02,9648,25.536,6.5,3766,9648,Mystery,49,"Red Sparrow",151572634,46874505,104698129,30.9,69.1
442249,"The First Purge",2018-07-04,28,24.153,5.8,2125,28,Action,51,"The First Purge",137056262,69488745,67567517,50.7,49.3
407451,"A Wrinkle in Time",2018-03-09,12,12.243,5,1179,12,Adventure,52,"A Wrinkle in Time",132675864,100478608,32197256,75.7,24.3
463821,"The House with a Clock in Its Walls",2018-09-21,14,17.629,6.2,1128,14,Fantasy,53,"The House with a Clock in Its Walls",131457147,68549695,62907452,52.1,47.9
491418,"Instant Family",2018-11-16,35,17.384,7.5,1105,35,Comedy,54,"Instant Family",120556201,67363237,53192964,55.9,44.1
554205,"A Cool Fish",2018-11-16,35,1.58,6.1,14,35,Comedy,55,"A Cool Fish",118153135,551876,117601259,0.5,99.5
445571,"Game Night",2018-02-23,35,15.777,6.9,3145,35,Comedy,56,"Game Night",117679066,69179066,48500000,58.8,41.2
437543,"The Monkey King 3",2018-02-16,28,5.936,5.8,22,28,Action,57,"The Monkey King 3",115084576,187074,114897502,0.2,99.8
503314,"Dragon Ball Super: Broly",2019-01-16,28,3.941,7.5,890,28,Action,58,"Dragon Ball Super: Broly",114102821,30712119,83390702,26.9,73.1
369972,"First Man",2018-10-12,18,21.741,7.1,2869,18,Drama,59,"First Man",105697415,44936545,60760870,42.5,57.5
502682,"Book Club",2018-05-18,35,10.661,6.1,383,35,Comedy,60,"Book Club",104438188,68566296,35871892,65.7,34.3
454293,"Night School",2018-09-28,35,15.822,6,922,35,Comedy,61,"Night School",103105878,77339130,25766748,75,25
399360,Alpha,2018-08-17,12,15.581,6,1339,12,Adventure,62,Alpha,98203196,35857181,62346015,36.5,63.5
518068,"Along with the Gods: The Last 49 Days",2018-08-01,28,7.794,7.6,61,28,Action,63,"Along With the Gods: The Last 49 Days",97962238,1200246,96761992,1.2,98.8
484247,"A Simple Favor",2018-09-14,35,15.613,6.6,2218,35,Comedy,64,"A Simple Favor",97644617,53548586,44096031,54.8,45.2
375262,"The Favourite",2018-11-23,18,24.44,7.6,2657,18,Drama,65,"The Favourite",95918706,34366783,61551923,35.8,64.2
460668,"I Feel Pretty",2018-04-20,35,18.662,6.4,1259,35,Comedy,67,"I Feel Pretty",94539426,48795601,45743825,51.6,48.4
437557,Blockers,2018-04-06,35,17.397,6.2,1111,35,Comedy,68,Blockers,94017294,60311495,33705799,64.1,35.9
487558,BlacKkKlansman,2018-07-30,80,19.782,7.6,3834,80,Crime,69,BlacKkKlansman,93400823,49275340,44125483,52.8,47.2
442062,"Goosebumps 2: Haunted Halloween",2018-10-12,12,17.131,5.7,605,12,Adventure,70,"Goosebumps 2: Haunted Halloween",93320380,46700633,46619747,50,50
454619,Overboard,2018-05-04,35,17.682,6.3,640,35,Comedy,72,Overboard,91244913,50316123,40928790,55.1,44.9
370567,"Sherlock Gnomes",2018-03-23,16,15.878,5.5,395,16,Animation,73,"Sherlock Gnomes",90345871,43242871,47103000,47.9,52.1
470878,"I Can Only Imagine",2018-03-16,35,13.506,7.5,188,35,Comedy,75,"I Can Only Imagine",86022265,83482352,2539913,97,3
375588,"Robin Hood",2018-11-21,28,28.492,5.8,1585,28,Action,76,"Robin Hood",85882380,30824628,55057752,35.9,64.1
428078,"Mortal Engines",2018-12-14,12,26.478,6.1,2324,12,Adventure,77,"Mortal Engines",83672673,15951040,67721633,19.1,80.9
522921,"How Long Will I Love U",2018-05-17,35,4.375,7.4,11,35,Comedy,78,"How Long Will I Love U",82881319,746933,82134386,0.9,99.1
449443,"Den of Thieves",2018-01-19,28,25.237,6.6,1423,28,Action,79,"Den of Thieves",80509622,44947622,35562000,55.8,44.2
493922,Hereditary,2018-06-08,27,24.879,7,3138,27,Horror,80,Hereditary,79336821,44069456,35267365,55.5,44.5
455980,Tag,2018-06-15,35,16.84,6.7,1523,35,Comedy,81,Tag,78130625,54730625,23400000,70.1,29.9
429197,Vice,2018-12-25,35,16.992,7.1,1672,35,Comedy,82,Vice,76073488,47836282,28237206,62.9,37.1
401469,Widows,2018-11-16,80,19.914,6.5,1211,80,Crime,83,Widows,75984700,42402632,33582068,55.8,44.2
400535,"Sicario: Day of the Soldado",2018-06-29,28,20.889,6.7,1556,28,Action,84,"Sicario: Day of the Soldado",75836683,50072235,25764448,66,34
489999,Searching,2018-08-24,18,15.803,7.6,1850,18,Drama,85,Searching,75462037,26020957,49441080,34.5,65.5
454992,"The Spy Who Dumped Me",2018-08-03,28,18.701,6.4,1199,28,Action,86,"The Spy Who Dumped Me",75320680,33562069,41758611,44.6,55.4
503616,"Second Act",2018-12-21,35,12.576,6.2,535,35,Comedy,87,"Second Act",72282227,39282227,33000000,54.3,45.7
505192,Shoplifters,2018-11-23,80,18.684,8,697,80,Crime,90,Shoplifters,67998954,3313513,64685441,4.9,95.1
429351,"12 Strong",2018-01-19,28,26.325,5.8,1471,28,Action,91,"12 Strong",67450815,45819713,21631102,67.9,32.1
449176,"Love, Simon",2018-03-16,35,17.498,8.1,3599,35,Comedy,92,"Love, Simon",66316289,40826341,25489948,61.6,38.4
347375,"Mile 22",2018-08-17,28,17.537,6,1119,28,Action,93,"Mile 22",66308758,36108758,30200000,54.5,45.5
399796,"Life of the Party",2018-05-11,35,11.709,6.2,528,35,Comedy,94,"Life of the Party",65859911,53059911,12800000,80.6,19.4
517814,Capernaum,2018-12-14,18,15.735,8.3,505,18,Drama,95,Capernaum,64398132,1661096,62737036,2.6,97.4
399174,"Isle of Dogs",2018-03-23,12,16.813,7.9,2343,12,Adventure,96,"Isle of Dogs",64241499,32015231,32226268,49.8,50.2
429300,Adrift,2018-06-01,53,13.693,6.8,1448,53,Thriller,97,Adrift,59945012,31445012,28500000,52.5,47.5
453201,"The 15:17 to Paris",2018-02-09,18,14.833,5.4,904,18,Drama,98,"The 15:17 to Paris",57076286,36276286,20800000,63.6,36.4
387592,"Early Man",2018-02-16,12,11.304,6,378,12,Adventure,99,"Early Man",54622814,8267544,46355270,15.1,84.9
458594,Peppermint,2018-09-07,28,16.154,6.5,925,28,Action,100,Peppermint,53918723,35418723,18500000,65.7,34.3
474395,"Teen Titans Go! To the Movies",2018-07-27,28,12.921,7,397,28,Action,101,"Teen Titans GO! to the Movies",52090236,29790236,22300000,57.2,42.8
439015,"Slender Man",2018-08-10,27,14.399,4,864,27,Horror,102,"Slender Man",51738549,30569484,21169065,59.1,40.9
497814,"Breaking In",2018-05-13,28,10.61,5.8,350,28,Action,103,"Breaking In",51411620,46840590,4571030,91.1,8.9
395990,"Death Wish",2018-03-02,28,21.151,5.9,1364,28,Action,105,"Death Wish",49562710,34017028,15545682,68.6,31.4
457136,"Mary Queen of Scots",2018-12-07,18,13.287,6.6,831,18,Drama,108,"Mary Queen of Scots",46672564,16468499,30204065,35.3,64.7
474335,"Uncle Drew",2018-06-29,35,8.209,6.5,249,35,Comedy,109,"Uncle Drew",46664414,42469946,4194468,91,9
416234,Winchester,2018-02-02,14,13.173,5.8,980,14,Fantasy,112,Winchester,44019588,25091816,18927772,57,43
300668,Annihilation,2018-02-23,27,25.074,6.3,4995,27,Horror,113,Annihilation,43070915,32732301,10338614,76,24
434555,"The Possession of Hannah Grace",2018-11-30,18,11.768,5.2,550,18,Drama,114,"The Possession of Hannah Grace",43016528,14837422,28179106,34.5,65.5
438799,Overlord,2018-11-09,27,18.746,6.6,1328,27,Horror,116,Overlord,41657844,21704844,19953000,52.1,47.9
445651,"The Darkest Minds",2018-08-03,878,12.773,6.8,1428,878,"Science Fiction",118,"The Darkest Minds",41142379,12695691,28446688,30.9,69.1
426563,"Holmes & Watson",2018-12-25,12,17.384,4.4,330,12,Adventure,119,"Holmes & Watson",40466970,30573626,9893344,75.6,24.4
425148,"Show Dogs",2018-05-18,12,9.183,5.9,110,12,Adventure,120,"Show Dogs",39156854,17857020,21299834,45.6,54.4
490001,Believer,2018-01-20,99,5.901,7.2,11,99,Documentary,121,Believer,39047153,365639,38681514,0.9,99.1
517991,"The Spy Gone North",2018-08-17,18,9.036,7.5,49,18,Drama,122,"The Spy Gone North",38844509,500803,38343706,1.3,98.7
339380,"On the Basis of Sex",2018-12-25,18,14.122,7.4,364,18,Drama,123,"On the Basis of Sex",38673750,24622687,14051063,63.7,36.3
446807,"The Girl in the Spider's Web",2018-11-09,28,19.879,6,675,28,Action,127,"The Girl in the Spider's Web",35164920,14841338,20323582,42.2,57.8
470044,"The Hate U Give",2018-10-19,80,19.107,8.3,850,80,Crime,128,"The Hate U Give",34934009,29719483,5214526,85.1,14.9
514619,"Nobody's Fool",2018-11-02,35,10.308,6.1,129,35,Comedy,129,"Nobody's Fool",33532593,31713110,1819483,94.6,5.4
430040,"The Hurricane Heist",2018-03-09,28,15.417,5.5,545,28,Action,130,"The Hurricane Heist",32517248,6115825,26401423,18.8,81.2
446021,"Bad Times at the El Royale",2018-10-12,53,14.291,6.8,1828,53,Thriller,131,"Bad Times at the El Royale",31882724,17839115,14043609,56,44
399402,"Hunter Killer",2018-10-26,28,23.867,6.4,860,28,Action,132,"Hunter Killer",31672678,15767460,15905218,49.8,50.2
50022,"Super Troopers 2",2018-04-20,35,11.602,5.8,230,35,Comedy,133,"Super Troopers 2",31626386,30617396,1008990,96.8,3.2
371608,"The Strangers: Prey at Night",2018-03-09,27,15.817,5.4,738,27,Horror,135,"The Strangers: Prey at Night",31039126,24586708,6452418,79.2,20.8
515042,"Free Solo",2018-08-31,99,12.679,8,514,99,Documentary,136,"Free Solo",29318861,17541090,11777771,59.8,40.2
475215,Mirai,2018-11-30,16,8.792,7.3,234,16,Animation,139,Mirai,27526961,812794,26714167,3,97
412988,"The Happytime Murders",2018-08-24,28,12.145,5.6,507,28,Action,140,"The Happytime Murders",27506452,20706452,6800000,75.3,24.7
419478,"Midnight Sun",2018-03-23,18,14.206,7.7,1864,18,Drama,141,"Midnight Sun",27365467,9561064,17804403,34.9,65.1
438808,"White Boy Rick",2018-09-14,80,13.861,6.3,408,80,Crime,144,"White Boy Rick",25957482,24011188,1946294,92.5,7.5
394741,"Stan & Ollie",2018-12-28,35,13.704,7.1,433,35,Comedy,146,"Stan & Ollie",24420923,5470235,18950688,22.4,77.6
494407,"Pokémon the Movie: The Power of Us",2018-07-31,12,7.798,6.8,42,12,Adventure,148,"Pokémon the Movie: The Power of Us",23740788,789170,22951618,3.3,96.7
476968,"Paul, Apostle of Christ",2018-03-28,36,12.373,7,104,36,History,149,"Paul, Apostle of Christ",23039243,17560475,5478768,76.2,23.8
432527,Padmaavat,2018-01-25,18,6.198,6.9,136,18,Drama,150,Padmaavat,22991060,11846060,11145000,51.5,48.5
490003,"Won't You Be My Neighbor?",2018-06-08,99,13.847,8.3,238,99,Documentary,151,"Won't You Be My Neighbor?",22842400,22835787,6613,100,0
442064,"Proud Mary",2018-01-12,28,8.041,5.4,276,28,Action,155,"Proud Mary",21753365,20877013,876352,96,4
505262,"My Hero Academia: Two Heroes",2018-09-25,16,12.626,8,228,16,Animation,158,"My Hero Academia: Two Heroes",21022724,5754556,15268168,27.4,72.6
500475,SuperFly,2018-06-13,28,9.529,6.4,142,28,Action,159,SuperFly,20780685,20545116,235569,98.9,1.1
465914,"If Beale Street Could Talk",2018-12-14,18,12.316,7.1,528,18,Drama,160,"If Beale Street Could Talk",20572691,14915773,5656918,72.5,27.5
340613,"The Wife",2018-08-17,18,13.7,7.2,568,18,Drama,167,"The Wife",18205312,9601092,8604220,52.7,47.3
424781,"Sorry to Bother You",2018-07-06,35,15.625,6.9,629,35,Comedy,168,"Sorry to Bother You",18170707,17493096,677611,96.3,3.7
429476,"Hell Fest",2018-09-28,27,10.349,5.6,388,27,Horror,169,"Hell Fest",18159691,11107431,7052260,61.2,38.8
432301,Chappaquiddick,2018-04-06,18,9.421,6,136,18,Drama,171,Chappaquiddick,17986671,17395520,591151,96.7,3.3
451915,"Beautiful Boy",2018-10-12,18,13.566,7.6,746,18,Drama,172,"Beautiful Boy",17877506,8986631,8890875,50.3,49.7
429203,"The Old Man & the Gun",2018-09-28,35,14.83,6.3,672,35,Comedy,173,"The Old Man & the Gun",17860397,11277120,6583277,63.1,36.9
467936,"The Children Act",2018-09-14,18,9.444,6.6,326,18,Drama,174,"The Children Act",17696794,547750,17149044,3.1,96.9
493551,"Operation Finale",2018-08-29,18,11.933,6.7,338,18,Drama,175,"Operation Finale",17612099,17612099,0,100,0
425336,"Loving Pablo",2018-06-15,80,26.506,6.2,578,80,Crime,176,"Loving Pablo",17535962,22017,17513945,0.1,99.9
417261,"Forever My Girl",2018-01-26,18,13.503,7.4,492,18,Drama,177,"Forever My Girl",16376066,16376066,0,100,0
505058,"Unfriended: Dark Web",2018-07-20,27,12.529,6.2,529,27,Horror,178,"Unfriended: Dark Web",16024987,8866745,7158242,55.3,44.7
426030,"Finding Your Feet",2018-03-30,35,8.102,7.2,69,35,Comedy,179,"Finding Your Feet",15845593,1418682,14426911,9,91
400579,Tully,2018-05-04,35,13.118,6.9,732,35,Comedy,181,Tully,15636462,9369755,6266707,59.9,40.1
493099,RBG,2018-05-04,99,10.417,7.8,145,99,Documentary,183,RBG,14441292,14017361,423931,97.1,2.9
500664,Upgrade,2018-06-01,28,21.213,7.3,1639,28,Action,184,Upgrade,14377130,11977130,2400000,83.3,16.7
489925,"Eighth Grade",2018-07-13,35,11.78,7.4,654,35,Comedy,185,"Eighth Grade",14347433,13539709,807724,94.4,5.6
467660,Unsane,2018-03-23,27,14.794,6.2,799,27,Horror,187,Unsane,14293601,7732899,6560702,54.1,45.9
454652,Colette,2018-09-21,18,14.094,7.1,417,18,Drama,188,Colette,14273033,5137622,9135411,36,64
525213,"Ya veremos",2018-08-31,35,3.12,6.6,20,35,Comedy,189,"Ya veremos",14134723,4165949,9968774,29.5,70.5
416194,"The Quake",2018-12-14,28,14.835,6.5,144,28,Action,190,"The Quake",13747547,6235,13741312,0,100
489988,"Three Identical Strangers",2018-06-29,99,10.405,7.5,232,99,Documentary,191,"Three Identical Strangers",13448497,12320845,1127652,91.6,8.4
406761,"Hotel Artemis",2018-06-08,28,16.332,5.9,653,28,Action,192,"Hotel Artemis",13313581,6708147,6605434,50.4,49.6
440161,"The Sisters Brothers",2018-09-21,35,17.154,7,828,35,Comedy,193,"The Sisters Brothers",13143056,3143056,10000000,23.9,76.1
351044,"Welcome to Marwen",2018-12-21,35,14.247,6.5,493,35,Comedy,194,"Welcome to Marwen",13061491,10763520,2297971,82.4,17.6
432383,"Luis and the Aliens",2018-12-31,12,5.501,6.2,59,12,Adventure,196,"Luis and the Aliens",12627729,169710,12458019,1.3,98.7
401847,"Can You Ever Forgive Me?",2018-10-19,35,14.64,6.8,635,35,Comedy,197,"Can You Ever Forgive Me?",12442161,8803865,3638296,70.8,29.2
472451,"Boy Erased",2018-11-02,18,13.485,7.2,602,18,Drama,201,"Boy Erased",11853081,6788692,5064389,57.3,42.7
551634,"Last Letter",2018-11-09,10749,1.4,6,2,10749,Romance,203,"Last Letter",11834622,180946,11653676,1.5,98.5
498919,"La Boda de Valentina",2018-02-09,35,2.532,6.3,7,35,Comedy,207,"La boda de Valentina",11021794,2783739,8238055,25.3,74.7
491472,"At Eternity's Gate",2018-11-16,18,15.421,6.9,674,18,Drama,208,"At Eternity's Gate",11005713,2294915,8710798,20.9,79.1
340022,Gringo,2018-03-09,28,13.37,5.9,389,28,Action,209,Gringo,11001627,4969853,6031774,45.2,54.8
361292,Suspiria,2018-10-26,14,20.338,6.9,1033,14,Fantasy,210,Suspiria,10917242,5458621,5458621,50,50
373449,2.0,2018-11-29,28,6.003,6.1,49,28,Action,211,2.0,10847903,4152000,6695903,38.3,61.7
465136,"Every Day",2018-02-23,18,14.489,7,1222,18,Drama,214,"Every Day",10421847,6102076,4319771,58.6,41.4
554779,"Swing Kids",2018-12-21,18,1.935,8.3,19,18,Drama,215,"Swing Kids",10397408,222001,10175407,2.1,97.9
527415,"Lobster Cop",2018-06-22,35,2.035,0,1,35,Comedy,216,"Lobster Cop",10373129,85693,10287436,0.8,99.2
425505,Kin,2018-08-31,28,13.403,6.1,388,28,Action,217,Kin,10313019,5718096,4594923,55.4,44.6
425373,"The Miracle Season",2018-04-13,18,9.323,7.2,139,18,Drama,219,"The Miracle Season",10230620,10230620,0,100,0
492452,"Ben Is Back",2018-12-07,18,11.353,6.7,406,18,Drama,220,"Ben Is Back",10134204,3703184,6431020,36.5,63.5
473149,Traffik,2018-04-20,53,13.118,5.8,191,53,Thriller,223,Traffik,9515914,9186156,329758,96.5,3.5
437586,Mid90s,2018-10-19,35,11.158,7.3,484,35,Comedy,224,Mid90s,9303022,7362439,1940583,79.1,20.9
520358,Champion,2018-05-18,18,1.536,6.2,6,18,Drama,226,Champion,8974547,97472,8877075,1.1,98.9
433627,"7 Days in Entebbe",2018-03-16,80,20.285,5.8,212,80,Crime,227,"7 Days in Entebbe",8771432,3326885,5444547,37.9,62.1
438590,A-X-L,2018-08-24,28,11.847,5.8,501,28,Action,229,A-X-L,8467697,6501381,1966316,76.8,23.2
446696,"Life Itself",2018-09-21,18,12.068,7.2,152,18,Drama,230,"Life Itself",7884399,4102648,3781751,52,48
419743,Disobedience,2018-04-27,18,13.439,6.9,471,18,Drama,231,Disobedience,7870127,3498782,4371345,44.5,55.5
443463,"Leave No Trace",2018-06-29,18,15.06,6.7,505,18,Drama,233,"Leave No Trace",7682928,6046104,1636824,78.7,21.3
491584,Burning,2018-11-09,18,17.768,7.4,485,18,Drama,234,Burning,7558651,718991,6839660,9.5,90.5
399248,Beirut,2018-04-11,28,12.418,6.2,238,28,Action,235,Beirut,7509436,5019226,2490210,66.8,33.2
454286,"God's Not Dead: A Light in Darkness",2018-03-30,18,7.524,6.8,55,18,Drama,236,"God's Not Dead: A Light in Darkness",7414178,5728940,1685238,77.3,22.7
356199,"Amazing Grace",2018-11-12,99,7.661,7.6,17,99,Documentary,238,"Amazing Grace",7212253,4450456,2761797,61.7,38.3
477510,"Dog Days",2018-08-24,35,11.534,6.8,122,35,Comedy,240,"Dog Days",6819044,6809080,9964,99.9,0.1
532908,"Fahrenheit 11/9",2018-09-10,99,9.993,7.2,199,99,Documentary,242,"Fahrenheit 11/9",6674168,6352306,321862,95.2,4.8
339103,Gotti,2018-06-15,80,12.926,5.2,316,80,Crime,244,Gotti,6412349,4343227,2069122,67.7,32.3
506680,"Unbroken: Path to Redemption",2018-09-14,18,5.981,6.7,36,18,Drama,245,"Unbroken: Path to Redemption",6216897,6216897,0,100,0
532868,"Death of a Nation",2018-08-03,99,6.251,5.2,18,99,Documentary,248,"Death of a Nation",5885881,5885881,0,100,0
497802,Pandas,2018-04-06,99,3.627,6.8,6,99,Documentary,249,Pandas,5819601,5757906,61695,98.9,1.1
507505,"El Angel",2018-11-09,80,7.222,7,143,80,Crime,251,"El Angel",5604680,109608,5495072,2,98
443009,"Don't Worry, He Won't Get Far on Foot",2018-07-13,35,9.164,6.6,262,35,Comedy,252,"Don't Worry, He Won't Get Far on Foot",5586078,2793039,2793039,50,50
471507,Destroyer,2018-12-25,28,13.175,6,290,28,Action,253,Destroyer,5580940,1533324,4047616,27.5,72.5
502259,"A Wizard's Tale",2018-09-14,12,8.581,5.9,22,12,Adventure,254,"A Wizard's Tale",5487261,2150,5485111,0,100
454283,"Action Point",2018-06-01,35,11.38,5.2,175,35,Comedy,255,"Action Point",5103663,5059608,44055,99.1,0.9
489930,Blindspotting,2018-07-20,35,10.051,7.5,284,35,Comedy,258,Blindspotting,5004504,4333394,671110,86.6,13.4
433694,"Sgt. Stubby: An American Hero",2018-04-13,12,8.234,6.3,18,12,Adventure,259,"Sgt. Stubby: An American Hero",4932694,4015935,916759,81.4,18.6
474392,Samson,2018-02-16,28,14.131,5.3,83,28,Action,260,Samson,4873825,4719928,153897,96.8,3.2
467632,"Bad Samaritan",2018-05-04,53,10.958,6.7,253,53,Thriller,262,"Bad Samaritan",4623836,3435047,1188789,74.3,25.7
507256,Whitney,2018-07-06,99,9.061,7.8,99,99,Documentary,263,Whitney,4605123,3026351,1578772,65.7,34.3
486947,"The Guilty",2018-10-19,80,13.448,7.3,570,80,Crime,264,"The Guilty",4598051,207140,4390911,4.5,95.5
433498,Papillon,2018-08-24,80,13.485,7.4,776,80,Crime,265,Papillon,4516580,2335896,2180684,51.7,48.3
458344,"Juliet, Naked",2018-08-17,35,10.531,6.5,187,35,Comedy,266,"Juliet, Naked",4508260,3444895,1063365,76.4,23.6
429417,"Ghost Stories",2018-04-20,18,11.962,6.5,641,18,Drama,270,"Ghost Stories",4131358,148747,3982611,3.6,96.4
489931,"American Animals",2018-06-01,80,12.539,6.9,411,80,Crime,272,"American Animals",4080073,2856954,1223119,70,30
508422,"Penguin Highway",2018-12-31,12,5.693,7.6,42,12,Adventure,273,"Penguin Highway",4006647,104567,3902080,2.6,97.4
458737,"First Reformed",2018-05-18,18,13.695,7,553,18,Drama,274,"First Reformed",3862498,3448256,414242,89.3,10.7
475132,"A Private War",2018-11-16,18,11.462,6.8,186,18,Drama,275,"A Private War",3826678,1633208,2193470,42.7,57.3
537751,"Gosnell: The Trial of America's Biggest Serial Killer",2018-10-12,80,5.236,5.4,15,80,Crime,278,"Gosnell: The Trial of America's Biggest Serial Killer",3679893,3679893,0,100,0
471856,Non-Fiction,2018-09-01,35,9.127,5.5,83,35,Comedy,279,Non-Fiction,3618888,704919,2913969,19.5,80.5
514407,Indivisible,2018-10-26,18,5.623,5.9,18,18,Drama,280,Indivisible,3589633,3511417,78216,97.8,2.2
482712,"The Apparition",2018-09-07,18,7.308,6.3,73,18,Drama,281,"The Apparition",3562793,28293,3534500,0.8,99.2
453278,"The Rider",2018-04-13,18,10.002,7.3,183,18,Drama,284,"The Rider",3434963,2419031,1015932,70.4,29.6
391714,"On Chesil Beach",2018-05-18,18,6.988,6.1,122,18,Drama,286,"On Chesil Beach",3335913,745971,2589942,22.4,77.6
398173,"The House That Jack Built",2018-11-28,18,14.758,7.2,1006,18,Drama,288,"The House That Jack Built",3297010,170113,3126897,5.2,94.8
476764,"The Front Runner",2018-11-06,18,10.951,6,162,18,Drama,290,"The Front Runner",3242235,2000105,1242130,61.7,38.3
417812,Wildlife,2018-10-19,18,13.701,6.8,228,18,Drama,291,Wildlife,3231638,1050616,2181022,32.5,67.5
397722,Thoroughbreds,2018-03-09,18,10.608,6.3,459,18,Drama,292,Thoroughbreds,3187255,3072605,114650,96.4,3.6
434767,"God Bless the Broken Road",2018-09-07,18,4.246,6.5,10,18,Drama,296,"God Bless the Broken Road",2848233,2846257,1976,99.9,0
508003,McQueen,2018-04-22,99,8.1,8,54,99,Documentary,298,McQueen,2739246,1257275,1481971,45.9,54.1
385360,"Billionaire Boys Club",2018-08-03,18,9.408,5.5,173,18,Drama,300,"Billionaire Boys Club",2713955,1349,2712606,0,100
427214,"The Happy Prince",2018-10-05,18,7.637,6.8,86,18,Drama,301,"The Happy Prince",2621992,466440,2155552,17.8,82.2
385448,"The Little Mermaid",2018-08-17,12,15.077,4.9,561,12,Adventure,302,"The Little Mermaid",2610742,147175,2463567,5.6,94.4
496076,Zero,2018-12-21,35,6.329,5.1,40,35,Comedy,304,Zero,2595762,1035388,1560374,39.9,60.1
486072,"Leo Da Vinci: Mission Mona Lisa",2018-04-13,12,4.098,5.4,33,12,Adventure,305,"Leo Da Vinci: Mission Mona Lisa",2588859,19978,2568881,0.8,99.2
446101,"Assassination Nation",2018-09-21,35,13.349,6.2,335,35,Comedy,306,"Assassination Nation",2584988,2005142,579846,77.6,22.4
407890,"Lean on Pete",2018-04-06,12,8.96,6.9,153,12,Adventure,309,"Lean on Pete",2443584,1163056,1280528,47.6,52.4
470333,"Hearts Beat Loud",2018-06-08,35,9.815,7.4,109,35,Comedy,311,"Hearts Beat Loud",2417165,2386251,30914,98.7,1.3
492998,Puzzle,2018-07-27,18,6.778,6.7,49,18,Drama,315,Puzzle,2260946,2032018,228928,89.9,10.1
534338,"An Interview with God",2018-08-20,18,7.625,6.7,58,18,Drama,316,"An Interview with God",2251795,1201434,1050361,53.4,46.6
517839,Border,2018-10-26,18,13.569,6.7,291,18,Drama,320,Border,2177678,771930,1405748,35.4,64.6
332283,"Mary Shelley",2018-05-25,18,10.619,7.1,501,18,Drama,324,"Mary Shelley",2096600,108900,1987700,5.2,94.8
438145,"Black '47",2018-09-28,18,9.277,6.7,118,18,Drama,325,"Black '47",2073063,57520,2015543,2.8,97.2
396461,"Under the Silver Lake",2019-04-19,18,11.928,6.4,473,18,Drama,326,"Under the Silver Lake",2053469,46083,2007386,2.2,97.8
507076,Climax,2019-03-01,18,17.704,7.1,577,18,Drama,328,Climax,2027391,817339,1210052,40.3,59.7
399440,Peterloo,2019-04-05,18,4.176,7.4,45,18,Drama,329,Peterloo,1998945,151971,1846974,7.6,92.4
476292,"Maquia: When the Promised Flower Blooms",2018-07-20,16,12.655,7.3,107,16,Animation,331,"Maquia: When the Promised Flower Blooms",1979604,185699,1793905,9.4,90.6
517320,"The Pact",2018-08-17,27,2.278,5,31,27,Horror,332,"The Pact",1855647,2488,1853159,0.1,99.9
468210,"Sweet Country",2018-04-06,18,6.29,6.7,74,18,Drama,333,"Sweet Country",1847693,104297,1743396,5.6,94.4
455108,"The Little Stranger",2018-08-31,18,9.222,5.6,100,18,Drama,334,"The Little Stranger",1824902,713143,1111759,39.1,60.9
341735,"The Seagull",2018-05-11,35,7.423,5.8,35,35,Comedy,335,"The Seagull",1820461,1252960,567501,68.8,31.2
547967,Moses,2018-09-13,18,0.927,9,1,18,Drama,336,Moses,1807117,1807117,0,100,0
470918,Beast,2018-05-11,80,9.049,6.8,104,80,Crime,339,Beast,1744071,800365,943706,45.9,54.1
529784,"A Faithful Man",2018-10-07,35,5.817,5.7,79,35,Comedy,340,"A Faithful Man",1719282,77491,1641791,4.5,95.5
448095,"I Still See You",2018-10-12,14,18.192,6.8,297,14,Fantasy,344,"I Still See You",1620637,1359,1619278,0,99.9
420915,Yardie,2018-01-20,80,5.486,5.9,24,80,Crime,347,Yardie,1551163,36012,1515151,2.3,97.7
426613,"The Miseducation of Cameron Post",2018-08-03,18,14.052,7,408,18,Drama,351,"The Miseducation of Cameron Post",1451729,904703,547026,62.3,37.7
483347,"Little Women",2018-09-28,18,3.139,7,13,18,Drama,353,"Little Women",1428125,1379497,48628,96.6,3.4
429202,"Vox Lux",2018-12-07,18,13.28,5.9,158,18,Drama,354,"Vox Lux",1399272,727119,672153,52,48
523773,"Little Italy",2018-09-21,35,9.491,6.7,233,35,Comedy,357,"Little Italy",1362536,990230,372306,72.7,27.3
444431,Foxtrot,2018-03-02,18,5.85,7.1,85,18,Drama,358,Foxtrot,1356159,618883,737276,45.6,54.4
460885,Mandy,2018-09-13,28,15.435,6.2,760,28,Action,359,Mandy,1335484,1214525,120959,90.9,9.1
536768,"Beautifully Broken",2018-08-24,18,2.605,8,1,18,Drama,365,"Beautifully Broken",1271572,1209645,61927,95.1,4.9
475094,"The Captain",2018-07-27,10752,6.817,7.1,150,10752,War,367,"The Captain",1196669,109226,1087443,9.1,90.9
426426,Roma,2018-11-21,18,14.998,7.8,2224,18,Drama,370,Roma,1148031,0,1148031,0,100
526051,"Look Away",2018-10-12,27,9.745,6,243,27,Horror,372,"Look Away",1119537,0,1119537,0,100
528457,Sunset,2018-04-27,18,0.6,7.5,1,18,Drama,374,Sunset,1083299,164906,918393,15.2,84.8
438259,"Journey's End",2018-03-16,18,9.348,6.3,102,18,Drama,382,"Journey's End",970809,161796,809013,16.7,83.3
448776,"A Prayer Before Dawn",2018-08-10,28,14.088,6.8,210,28,Action,383,"A Prayer Before Dawn",958883,14453,944430,1.5,98.5
430231,"The Endless",2018-04-06,27,12.938,6.3,384,27,Horror,384,"The Endless",956425,272020,684405,28.4,71.6
467952,"The Catcher Was a Spy",2018-06-22,18,7.769,6.3,84,18,Drama,385,"The Catcher Was a Spy",953953,725223,228730,76,24
484428,"Becoming Astrid",2018-11-23,18,4.125,7.5,45,18,Drama,386,"Becoming Astrid",938766,120486,818280,12.8,87.2
503811,"Like Arrows",2018-05-01,18,1.57,6,1,18,Drama,389,"Like Arrows",928265,817990,110275,88.1,11.9
429467,"The Lodgers",2017-10-10,18,10.012,4.9,240,18,Drama,391,"The Lodgers",916727,7362,909365,0.8,99.2
467938,Revenge,2018-05-11,28,13.159,6.3,819,28,Action,392,Revenge,913331,102091,811240,11.2,88.8
408873,Kings,2018-04-27,80,6.738,6.1,72,80,Crime,393,Kings,910269,274635,635634,30.2,69.8
460071,Lizzie,2018-09-14,80,7.671,5.9,81,80,Crime,395,Lizzie,844786,642157,202629,76,24
446171,"Mrs. Hyde",2018-04-27,14,3.486,4.1,47,14,Fantasy,398,"Mrs. Hyde",778142,18627,759515,2.4,97.6
503257,"Pick of the Litter",2018-01-19,99,4.961,7.7,13,99,Documentary,400,"Pick of the Litter",763688,578717,184971,75.8,24.2
477654,Museo,2018-09-14,80,3.94,6.7,42,80,Crime,401,Museo,759626,148505,611121,19.5,80.5
447682,Boundaries,2018-06-22,35,7.262,6,20,35,Comedy,402,Boundaries,755977,703438,52539,93.1,6.9
482150,"Liz and the Blue Bird",2018-11-09,16,5.467,7.8,18,16,Animation,406,"Liz and the Blue Bird",726454,63204,663250,8.7,91.3
489928,Blaze,2018-09-07,18,6.977,7.1,19,18,Drama,409,Blaze,704955,704955,0,100,0
548887,"The Trump Prophecy",2018-10-02,18,4.709,5,4,18,Drama,412,"The Trump Prophecy",671198,671198,0,100,0
461928,"Anna and the Apocalypse",2018-11-30,35,11.979,6.4,88,35,Comedy,413,"Anna and the Apocalypse",670430,545597,124833,81.4,18.6
511972,"Love, Gilda",2018-04-18,99,5.78,7.3,24,99,Documentary,417,"Love, Gilda",626318,626318,0,100,0
431185,"He's Out There",2018-10-16,27,6.727,5.6,110,27,Horror,434,"He's Out There",544674,0,544674,0,100
451919,"What They Had",2018-10-19,18,6.867,6.7,39,18,Drama,437,"What They Had",533579,260136,273443,48.8,51.2
489934,"Monsters and Men",2018-09-28,18,7.302,6,20,18,Drama,441,"Monsters and Men",510967,500101,10866,97.9,2.1
437220,"Have a Nice Day",2018-02-02,16,2.325,5,13,16,Animation,442,"Have a Nice Day",504003,79393,424610,15.8,84.2
220882,"London Fields",2018-10-26,80,13.536,5.1,91,80,Crime,443,"London Fields",487420,252676,234744,51.8,48.2
523427,"Puffs: Filmed Live Off Broadway",2018-05-09,35,0.6,10,1,35,Comedy,445,"Puffs: Filmed Live Off Broadway",464483,464483,0,100,0
469062,"Scotty and the Secret History of Hollywood",2018-07-27,99,3.111,6.7,13,99,Documentary,447,"Scotty and the Secret History of Hollywood",461689,461689,0,100,0
491052,"The Gospel According to André",2018-04-27,99,1.621,7.9,4,99,Documentary,449,"The Gospel According to André",454550,400713,53837,88.2,11.8
490000,"We the Animals",2018-01-20,18,6.709,6.8,51,18,Drama,453,"We the Animals",434743,400961,33782,92.2,7.8
416494,"Status Update",2018-02-09,35,7.179,6.8,152,35,Comedy,460,"Status Update",416178,4764,411414,1.1,98.9
338768,"Please Stand By",2018-01-26,35,8.523,6.9,211,35,Comedy,462,"Please Stand By",406732,9868,396864,2.4,97.6
520596,"The Oath",2018-10-12,35,6.23,5.6,41,35,Comedy,464,"The Oath",401463,401463,0,100,0
478426,"Westwood: Punk, Icon, Activist",2018-01-20,99,2.331,5.9,8,99,Documentary,469,"Westwood: Punk, Icon, Activist",386856,58979,327877,15.2,84.8
341689,"How to Talk to Girls at Parties",2018-05-25,35,10.005,6.3,181,35,Comedy,470,"How To Talk To Girls at Parties",385733,84809,300924,22,78
421471,Flower,2018-03-16,35,7.708,6.5,108,35,Comedy,471,Flower,380553,328188,52365,86.2,13.8
542994,"Jane and Emma",2018-10-12,18,1.788,7.5,1,18,Drama,472,"Jane and Emma",380030,380030,0,100,0
492344,"Daughter of Mine",2018-04-20,18,2.922,6.3,27,18,Drama,473,"Daughter of Mine",379010,10628,368382,2.8,97.2
519255,"Bel Canto",2018-09-14,18,7.986,5.1,43,18,Drama,480,"Bel Canto",350264,125569,224695,35.8,64.2
543749,Silencio,2018-10-26,18,3.04,8,4,18,Drama,484,Silencio,338596,158723,179873,46.9,53.1
546567,Shine,2018-10-05,18,1.816,9.5,2,18,Drama,487,Shine,333388,333388,0,100,0
506971,"Teefa in Trouble",2018-07-20,28,3.021,7.3,12,28,Action,489,"Teefa In Trouble",324633,0,324633,0,100
469721,"The Cured",2018-02-23,18,7.089,5.5,139,18,Drama,491,"The Cured",323776,26630,297146,8.2,91.8
414018,Damsel,2018-06-22,35,5.163,5,35,35,Comedy,492,Damsel,323235,305136,18099,94.4,5.6
519334,"The Riot and the Dance",2018-03-19,0,0.6,0,0,0,,494,"The Riot and the Dance",316103,316103,0,100,0
500850,"The Silence of Others",2019-05-08,99,1.966,8.4,24,99,Documentary,505,"The Silence of Others",289455,67986,221469,23.5,76.5
493014,"Generation Wealth",2018-01-18,99,4.976,7.1,31,99,Documentary,506,"Generation Wealth",287709,237709,50000,82.6,17.4
491474,"Skate Kitchen",2018-08-10,18,6.079,6.8,45,18,Drama,507,"Skate Kitchen",287307,236799,50508,82.4,17.6
493121,"Science Fair",2018-09-14,99,4.095,7.2,9,99,Documentary,512,"Science Fair",277338,276195,1143,99.6,0.4
452226,"The King",2018-06-22,99,3.636,6,4,99,Documentary,513,"The King",273601,259291,14310,94.8,5.2
502138,"The World Before Your Feet",2018-11-21,99,6,7.7,3,99,Documentary,514,"The World Before Your Feet",268644,268644,0,100,0
451925,"Time Freak",2018-11-09,35,10.705,6.3,138,35,Comedy,515,"Time Freak",266490,10003,256487,3.8,96.2
472608,"The Final Year",2018-01-19,99,2.037,7.4,21,99,Documentary,518,"The Final Year",262286,191900,70386,73.2,26.8
347866,"Hot Summer Nights",2017-03-14,18,8.991,6.6,187,18,Drama,523,"Hot Summer Nights",246133,0,246133,0,100
429195,"Dark River",2018-06-29,53,4.939,6,37,53,Thriller,526,"Dark River",239182,7714,231468,3.2,96.8
488036,"Alien Intrusion: Unmasking a Deception",2018-01-11,99,1.818,3,1,99,Documentary,529,"Alien Intrusion: Unmasking a Deception",237411,237411,0,100,0
493101,"Studio 54",2018-10-05,99,7.098,6.6,27,99,Documentary,534,"Studio 54",227062,199767,27295,88,12
451422,"Little Pink House",2018-04-20,18,2.673,6.3,11,18,Drama,536,"Little Pink House",220948,220948,0,100,0
539070,"Fragments of Truth",2018-04-24,99,0.6,0,0,99,Documentary,538,"Fragments of Truth",219342,219342,0,100,0
490780,"Dark Money",2018-01-22,99,4.65,7.5,8,99,Documentary,540,"Dark Money",217932,217932,0,100,0
507527,"Getting Grace",2018-03-23,0,0.84,3.5,3,0,,541,"Getting Grace",217812,217812,0,100,0
518516,"The Dating Project",2018-04-17,99,0.873,0,0,99,Documentary,544,"The Dating Project",208100,208100,0,100,0
527955,"Heading Home: The Tale of Team Israel",2018-02-10,99,1.96,0,0,99,Documentary,545,"Heading Home: The Tale of Team Israel",207533,207533,0,100,0
455401,"Keep the Change",2018-03-16,35,2.117,7.1,7,35,Comedy,546,"Keep the Change",202788,202788,0,100,0
412302,Gemini,2018-03-30,80,6.03,5.6,72,80,Crime,548,Gemini,200340,200340,0,100,0
468735,"Madeline's Madeline",2018-08-10,18,5.386,6.3,36,18,Drama,550,"Madeline's Madeline",197309,185576,11733,94.1,5.9
432507,"Claire's Camera",2018-03-09,18,2.529,6.4,19,18,Drama,553,"Claire's Camera",191980,83418,108562,43.5,56.5
476335,"Shock and Awe",2018-07-13,18,6.4,6.6,43,18,Drama,560,"Shock and Awe",182415,77980,104435,42.7,57.3
370756,"Always at The Carlyle",2018-05-11,99,3.241,7,3,99,Documentary,563,"Always at The Carlyle",174251,174251,0,100,0
544431,"The Clovehitch Killer",2018-11-16,80,9.251,6.4,192,80,Crime,566,"The Clovehitch Killer",167994,8208,159786,4.9,95.1
510737,"The Samuel Project",2018-10-05,0,1.558,0,0,0,,571,"The Samuel Project",161565,161565,0,100,0
436120,"Lu Over the Wall",2018-05-11,12,3.721,7.6,36,12,Adventure,572,"Lu Over the Wall",161253,109857,51396,68.1,31.9
514758,"The Last Resort",2018-01-23,99,1.813,7.5,2,99,Documentary,574,"The Last Resort",158646,158646,0,100,0
493092,"Bad Reputation",2018-09-28,99,5.264,6.4,7,99,Documentary,576,"Bad Reputation",154190,148568,5622,96.4,3.6
503150,"Eating Animals",2018-06-15,99,3.479,7.3,8,99,Documentary,577,"Eating Animals",153993,149614,4379,97.2,2.8
468287,Hannah,2018-03-09,18,2.295,5.9,29,18,Drama,582,Hannah,146325,11700,134625,8,92
521985,Hannah,2018-05-01,27,0.6,3,1,27,Horror,582,Hannah,146325,11700,134625,8,92
489987,"The Price of Everything",2018-01-19,99,3.062,7.8,12,99,Documentary,584,"The Price of Everything",144446,87400,57046,60.5,39.5
493620,Aiyaary,2018-02-16,28,3.963,5.5,25,28,Action,585,Aiyaary,143108,0,143108,0,100
456086,"Support the Girls",2018-08-24,18,7.939,6.2,68,18,Drama,587,"Support the Girls",139550,129124,10426,92.5,7.5
448677,"Head Full of Honey",2018-11-30,18,6.48,6.6,19,18,Drama,588,"Head Full of Honey",138844,12350,126494,8.9,91.1
529237,"Mantra: Sounds Into Silence",2017-06-02,99,0.888,4,1,99,Documentary,590,"Mantra: Sounds Into Silence",135684,115013,20671,84.8,15.2
426618,"Where Hands Touch",2018-09-14,18,9.571,7.6,131,18,Drama,601,"Where Hands Touch",128269,67743,60526,52.8,47.2
539199,"The Great Buster: A Celebration",2018-10-05,99,3.322,7.1,8,99,Documentary,603,"The Great Buster: A Celebration",125807,118344,7463,94.1,5.9
472226,"Blood Fest",2018-03-09,35,8.368,5.4,79,35,Comedy,607,"Blood Fest",122833,82774,40059,67.4,32.6
426251,"Love After Love",2018-03-30,18,3.449,5.8,7,18,Drama,609,"Love After Love",121098,121098,0,100,0
490758,"Bisbee '17",2018-09-05,99,5.682,8,7,99,Documentary,611,"Bisbee '17",117470,117470,0,100,0
442709,Nostalgia,2018-02-16,18,5.568,6.5,13,18,Drama,613,Nostalgia,114603,114603,0,100,0
431491,Bodied,2018-11-02,35,6.189,7.9,47,35,Comedy,615,Bodied,113956,113956,0,100,0
458080,Filmworker,2018-05-11,99,4.936,7.3,27,99,Documentary,616,Filmworker,112828,102609,10219,90.9,9.1
490785,"Hale County This Morning, This Evening",2018-01-19,99,5.5,6.3,24,99,Documentary,618,"Hale County This Morning, This Evening",112282,112282,0,100,0
489471,"The Dawn Wall",2018-03-11,12,5.804,8.3,104,12,Adventure,619,"The Dawn Wall",112191,112191,0,100,0
547454,"Never Heard",2018-11-01,18,3.935,7.8,6,18,Drama,626,"Never Heard",105271,105271,0,100,0
483435,"All About Nina",2018-09-28,35,6.22,6.8,19,35,Comedy,629,"All About Nina",100335,100335,0,100,0
502168,"Meow Wolf: Origin Story",2018-11-29,99,1.092,5.3,3,99,Documentary,630,"Meow Wolf: Origin Story",99488,99488,0,100,0
524141,"Reign of Judges: Title of Liberty - Concept Short",2018-03-15,28,1.586,0,0,28,Action,631,"Reign of Judges: Title of Liberty - Concept Short",98408,93224,5184,94.7,5.3
526047,"Godspeed: The Race Across America",2018-05-22,0,0.6,0,0,0,,633,"Godspeed: The Race Across America",96690,96690,0,100,0
457955,"The Night Eats the World",2018-07-13,18,7.161,5.8,209,18,Drama,634,"The Night Eats the World",95208,0,95208,0,100
422708,"Let the Corpses Tan",2018-08-31,53,2.97,6.2,41,53,Thriller,635,"Let the Corpses Tan",93409,93409,0,100,0
489985,"Minding the Gap",2018-01-21,99,9.035,7.9,61,99,Documentary,638,"Minding the Gap",90328,11998,78330,13.3,86.7
534344,"Running for Grace",2018-08-17,10749,6.479,6.8,24,10749,Romance,639,"Running for Grace",89988,89988,0,100,0
473262,"Nico, 1988",2018-07-04,18,4.47,7.2,43,18,Drama,644,"Nico, 1988",83558,73304,10254,87.7,12.3
396373,"Woman Walks Ahead",2018-04-25,18,7.155,6.9,64,18,Drama,648,"Woman Walks Ahead",80912,57528,23384,71.1,28.9
480853,Nancy,2018-06-08,9648,6.68,5.8,28,9648,Mystery,649,Nancy,80115,80115,0,100,0
490778,Parchi,2018-01-12,28,1.96,10,1,28,Action,653,Parchi,77110,69431,7679,90,10
514976,93Queen,2018-01-01,99,2.583,7,1,99,Documentary,654,93Queen,76056,76056,0,100,0
541342,"The Riot Act",2018-09-14,53,3.713,6,1,53,Thriller,656,"The Riot Act",75506,75506,0,100,0
523798,"Above and Beyond: NASA's Journey to Tomorrow",2018-10-13,99,3.536,7.3,3,99,Documentary,657,"Above and Beyond: NASA's Journey to Tomorrow",74711,74711,0,100,0
449848,"The Boy Downstairs",2018-02-16,10749,3.677,5.8,19,10749,Romance,658,"The Boy Downstairs",73988,13638,60350,18.4,81.6
497985,Wastelander,2018-02-02,878,3.06,4,6,878,"Science Fiction",663,Wastelander,70045,70045,0,100,0
493089,"Chef Flynn",2018-01-23,99,2.984,6.3,3,99,Documentary,664,"Chef Flynn",69542,68407,1135,98.4,1.6
472805,"Outside In",2018-03-30,18,5.541,6.6,27,18,Drama,665,"Outside In",68492,68492,0,100,0
505177,10x10,2018-04-13,53,12.577,5.2,270,53,Thriller,667,10x10,68260,2263,65997,3.3,96.7
513789,"The Doctor From India",2018-02-02,99,0.6,0,0,99,Documentary,669,"The Doctor from India",67136,67136,0,100,0
522866,"Searching for Ingmar Bergman",2018-11-02,99,2.618,5.7,7,99,Documentary,671,"Searching for Ingmar Bergman",64742,36686,28056,56.7,43.3
502354,"The Gardener",2018-01-26,0,1.485,0,0,0,,673,"The Gardener",62734,62734,0,100,0
548754,"River Runs Red",2018-11-09,53,7,4.9,20,53,Thriller,675,"River Runs Red",61789,9893,51896,16,84
484355,"Here and Now",2018-11-09,18,7.55,4.9,22,18,Drama,676,"Here and Now",61271,13892,47379,22.7,77.3
490005,"Never Goin' Back",2018-08-03,35,5.946,6.5,34,35,Comedy,677,"Never Goin' Back",61271,61271,0,100,0
467917,"A Kid Like Jake",2018-06-01,18,8.835,6.2,47,18,Drama,678,"A Kid Like Jake",60784,58403,2381,96.1,3.9
500869,"Viper Club",2018-10-26,53,5.052,6.3,10,53,Thriller,679,"Viper Club",60607,60607,0,100,0
385955,"Where Is Kyra?",2018-04-06,18,5.163,5.8,25,18,Drama,680,"Where Is Kyra?",59717,59717,0,100,0
514558,Cynthia,2018-08-31,35,3.225,5.2,6,35,Comedy,684,Cynthia,58177,58177,0,100,0
546565,"In Search of Greatness",2018-11-02,99,2.603,7,1,99,Documentary,685,"In Search of Greatness",58090,58090,0,100,0
523866,"American Dream: Detroit",2018-05-01,99,0.622,0,0,99,Documentary,688,"American Dream: Detroit",55092,55092,0,100,0
516321,"The Assassin's Code",2018-05-11,28,6.958,5.5,14,28,Action,691,"The Assassin's Code",53940,11218,42722,20.8,79.2
523604,"The Legend of Hallowaiian",2018-10-18,28,1.809,0,0,28,Action,692,"The Legend of Hallowaiian",53738,451,53287,0.8,99.2
481370,Bigger,2018-10-13,18,3.469,6,13,18,Drama,697,Bigger,51684,46382,5302,89.7,10.3
322520,Hal,2018-01-22,99,3.585,0,1,99,Documentary,700,Hal,49045,48698,347,99.3,0.7
474753,"The China Hustle",2018-03-30,99,3.783,7.8,33,99,Documentary,701,"The China Hustle",48650,48650,0,100,0
461844,Liyana,2018-10-10,16,1.589,0,2,16,Animation,705,Liyana,44045,44045,0,100,0
502129,"Garry Winogrand: All Things Are Photographable",2018-09-18,99,2.392,6,2,99,Documentary,706,"Garry Winogrand: All Things are Photographable",44002,44002,0,100,0
439988,"Hitler's Hollywood",2018-04-11,99,1.4,6.1,9,99,Documentary,707,"Hitler's Hollywood",43766,43766,0,100,0
407719,"Golden Exits",2018-02-09,18,3.613,6.3,26,18,Drama,709,"Golden Exits",41888,41888,0,100,0
471429,"Blue Iguana",2018-08-24,28,7.839,6.4,36,28,Action,710,"Blue Iguana",41050,0,41050,0,100
490816,"On Her Shoulders",2018-01-20,99,2.838,5.4,4,99,Documentary,711,"On Her Shoulders",40145,28288,11857,70.5,29.5
414454,Submission,2018-03-02,18,3.52,6.5,13,18,Drama,713,Submission,39985,39985,0,100,0
499556,"An Elephant Sitting Still",2018-03-08,18,6.378,8.4,47,18,Drama,714,"An Elephant Sitting Still",39599,32556,7043,82.2,17.8
543089,"Divide and Conquer: The Story of Roger Ailes",2018-12-07,99,4.328,7.3,5,99,Documentary,716,"Divide and Conquer: The Story of Roger Ailes",38510,38510,0,100,0
516237,"Gray Matter",2018-05-15,878,4.719,5.3,9,878,"Science Fiction",719,"Gray Matter",38034,38034,0,100,0
10148,Krystal,2018-04-13,35,4.557,4.6,25,35,Comedy,721,Krystal,37516,37516,0,100,0
439079,"The Nun",2018-09-07,27,25.543,5.6,3262,27,Horror,734,"The Nun",32659,30245,2414,92.6,7.4
430450,"Sollers Point",2018-05-11,18,3.114,5.4,8,18,Drama,735,"Sollers Point",32608,32608,0,100,0
519335,Goodland,2018-05-11,80,0.6,4,1,80,Crime,736,Goodland,32140,32140,0,100,0
549154,Moynihan,2018-10-03,99,1.801,0,0,99,Documentary,737,Moynihan,31970,31970,0,100,0
367153,"Poor Boy",2018-07-13,18,2.668,5,3,18,Drama,738,"Poor Boy",31031,31031,0,100,0
512230,"Charm City",2018-04-22,99,3.282,9,1,99,Documentary,741,"Charm City",29335,29335,0,100,0
446695,"An Evening with Beverly Luff Linn",2018-10-19,35,7.884,6.2,33,35,Comedy,746,"An Evening with Beverly Luff Linn",27359,6701,20658,24.5,75.5
502188,"Milford Graves Full Mantis",2018-07-13,99,2.203,7,1,99,Documentary,747,"Milford Graves Full Mantis",26566,26566,0,100,0
470894,"At First Light",2018-03-10,878,9.387,6,51,878,"Science Fiction",748,"At First Light",26338,3292,23046,12.5,87.5
499692,"Ridge Runners",2018-01-19,80,2.943,2.5,2,80,Crime,751,"Ridge Runners",26019,26019,0,100,0
500859,"Black Mother",2018-03-01,99,2.618,7.1,5,99,Documentary,753,"Black Mother",25919,18762,7157,72.4,27.6
436355,Vazante,2018-01-12,18,0.898,8.2,9,18,Drama,754,Vazante,25091,23884,1207,95.2,4.8
518514,"An Elephant's Journey",2018-04-16,12,2.491,3.8,4,12,Adventure,755,"An Elephant's Journey",24844,24844,0,100,0
287523,"Death House",2018-02-28,27,4.063,3.1,19,27,Horror,758,"Death House",23833,23833,0,100,0
515651,"Letter from Masanjia",2018-09-14,99,2.058,8,1,99,Documentary,759,"Letter from Masanjia",23481,23481,0,100,0
474464,"The Judge",2018-04-13,99,0.737,7.5,2,99,Documentary,760,"The Judge",23127,22257,870,96.2,3.8
460048,"Heavy Trip",2018-10-05,35,6.418,7.2,56,35,Comedy,762,"Heavy Trip",22460,10153,12307,45.2,54.8
490071,"Half the Picture",2018-06-08,99,3.409,5,4,99,Documentary,766,"Half the Picture",21589,21589,0,100,0
454312,Tyrel,2018-12-05,35,5.255,6.2,9,35,Comedy,768,Tyrel,21456,21456,0,100,0
434674,"The Happys",2018-03-16,18,0.6,0,0,18,Drama,770,"The Happys",21108,21108,0,100,0
453354,Ava,2017-11-14,18,3.189,6.1,68,18,Drama,771,Ava,20940,20940,0,100,0
440424,"Freak Show",2018-01-12,35,6.484,7.3,58,35,Comedy,773,"Freak Show",20657,19696,961,95.3,4.7
512404,"Ice Dragon: Legend of the Blue Daisies",2018-03-24,12,1.656,8.4,4,12,Adventure,774,"Ice Dragon: Legend of the Blue Daisies",20549,20549,0,100,0
457775,"The Devil and Father Amorth",2018-04-20,99,4.677,5.4,52,99,Documentary,775,"The Devil and Father Amorth",20449,20449,0,100,0
373209,"Izzy Gets the F*ck Across Town",2018-06-22,35,4.381,6.1,24,35,Comedy,776,"Izzy Gets the F*ck Across Town",20208,20208,0,100,0
458203,Apocalypsis,2018-03-17,0,1.327,7.5,3,0,,777,Apocalypsis,20052,20052,0,100,0
521862,"Active Measures",2018-08-31,99,6.363,8.3,11,99,Documentary,780,"Active Measures",19862,19862,0,100,0
324538,"Damascus Cover",2018-07-20,9648,5.006,5.6,26,9648,Mystery,781,"Damascus Cover",19532,0,19532,0,100
466410,"Who We Are Now",2018-05-25,18,3.738,5.6,14,18,Drama,782,"Who We Are Now",19128,19128,0,100,0
437583,November,2018-02-23,18,1.958,7.7,45,18,Drama,783,November,19084,19084,0,100,0
489983,"Crime + Punishment",2018-01-19,99,2.417,5,1,99,Documentary,786,"Crime + Punishment",18644,18644,0,100,0
432165,"The Pagan King",2018-09-14,36,3.252,6.4,20,36,History,787,"The Pagan King",18598,0,18598,0,100
500075,Desolation,2018-01-26,53,1.457,5,5,53,Thriller,789,Desolation,18490,18490,0,100,0
489995,"306 Hollywood",2018-01-18,99,2.191,6.5,2,99,Documentary,790,"306 Hollywood",18399,18399,0,100,0
555453,Detour,2018-08-03,12,0.6,0,0,12,Adventure,797,Detour,16172,16172,0,100,0
478427,"Postcards from London",2018-11-09,18,1.891,5.8,10,18,Drama,801,"Postcards from London",15548,5312,10236,34.2,65.8
502194,"Narcissister Organ Player",2018-01-19,99,1.197,0,0,99,Documentary,803,"Narcissister Organ Player",15334,15334,0,100,0
502132,"People's Republic of Desire",2018-11-30,99,2.834,6.5,3,99,Documentary,804,"People's Republic of Desire",15241,15241,0,100,0
543208,"Trust Machine: The Story of Blockchain",2018-10-26,99,2.385,0,0,99,Documentary,805,"Trust Machine: The Story of Blockchain",14905,14905,0,100,0
451204,"The Last Movie Star",2018-03-30,18,4.512,6.4,36,18,Drama,808,"The Last Movie Star",14410,14410,0,100,0
474487,"Chasing the Blues",2018-10-05,35,0.6,0,0,35,Comedy,809,"Chasing the Blues",14030,14030,0,100,0
502137,"Weed the People",2018-10-16,99,4.605,8,3,99,Documentary,810,"Weed the People",13926,13926,0,100,0
378631,"Like Me",2018-01-25,80,2.408,5.9,21,80,Crime,813,"Like Me",12965,12965,0,100,0
509999,"American Socialist: The Life and Times of Eugene Victor Debs",2018-03-02,99,0.662,7,1,99,Documentary,815,"American Socialist: The Life and Times of Eugene Victor Debs",12609,12609,0,100,0
488740,"Of Fathers and Sons",2018-11-16,99,1.835,6.8,21,99,Documentary,816,"Of Fathers and Sons",12579,12579,0,100,0
530454,"American Chaos",2018-09-14,99,4.798,6.5,8,99,Documentary,818,"American Chaos",12368,12368,0,100,0
490795,"The Last Race",2018-01-22,99,2.308,5,1,99,Documentary,821,"The Last Race",11947,11947,0,100,0
501630,"Summer '03",2018-09-28,35,10.186,5.9,70,35,Comedy,823,"Summer '03",11746,11746,0,100,0
502791,"Bullitt County",2018-10-26,28,4.35,5.7,3,28,Action,826,"Bullitt County",11257,11257,0,100,0
550503,"The Advocates",2018-09-22,99,1.214,0,0,99,Documentary,830,"The Advocates",10402,10402,0,100,0
440095,"El Mar La Mar",2018-02-23,99,0.6,10,2,99,Documentary,833,"El Mar La Mar",9065,9065,0,100,0
531165,"Zoo Wars",2018-04-20,16,1.96,3.5,4,16,Animation,835,"Zoo Wars",8998,8998,0,100,0
463258,"Colossal Youth",2018-08-03,35,2.383,0,0,35,Comedy,837,"Colossal Youth",8968,8331,637,92.9,7.1
520930,"Summer of '67",2018-06-29,18,2.164,6.8,2,18,Drama,838,"Summer of '67",8941,8941,0,100,0
502426,Furlough,2018-03-16,35,5.427,5.8,29,35,Comedy,841,Furlough,8472,8472,0,100,0
525662,Spiral,2018-06-22,99,0.676,0,0,99,Documentary,842,Spiral,8190,8190,0,100,0
554633,Spiral,2018-10-16,53,2.048,7,1,53,Thriller,842,Spiral,8190,8190,0,100,0
554110,"In Echo Park",2018-02-23,80,2.228,7.3,3,80,Crime,847,"In Echo Park",7072,7072,0,100,0
495946,"In the Land of Pomegranates",2018-01-05,0,1.484,0,0,0,,848,"In the Land of Pomegranates",7014,7014,0,100,0
499319,"Duck Butter",2018-04-27,18,11.103,5.5,96,18,Drama,849,"Duck Butter",6877,6877,0,100,0
531164,"Calling All Earthlings",2018-08-28,99,1.96,7,1,99,Documentary,850,"Calling All Earthlings",6756,6756,0,100,0
516088,"I Am MLK Jr.",2018-04-04,99,1.875,0,0,99,Documentary,854,"I Am MLK Jr.",5918,5918,0,100,0
434596,"An Actor Prepares",2018-08-31,35,4.955,6.3,15,35,Comedy,855,"An Actor Prepares",5891,1743,4148,29.6,70.4
395948,"Are We Not Cats",2018-02-23,27,1.255,6.5,7,27,Horror,856,"Are We Not Cats",5518,5518,0,100,0
334546,"In Searching",2018-12-04,12,0.6,0,0,12,Adventure,858,"In Searching",5210,5210,0,100,0
393425,Intersection,2018-06-15,80,1.54,0,1,80,Crime,859,Intersection,5116,5116,0,100,0
527716,"The Texture of Falling",2018-06-01,18,2.748,9,1,18,Drama,861,"The Texture of Falling",5010,5010,0,100,0
502133,"Social Animals",2018-03-09,99,3.152,6.5,11,99,Documentary,862,"Social Animals",5007,5007,0,100,0
506407,"Social Animals",2018-06-01,35,7.538,6.4,39,35,Comedy,862,"Social Animals",5007,5007,0,100,0
450484,"An L.A. Minute",2018-08-24,0,1.707,0,0,0,,863,"An L.A. Minute",5004,5004,0,100,0
457243,"The Long Dumb Road",2018-11-09,35,4.967,5.7,27,35,Comedy,865,"The Long Dumb Road",4667,4667,0,100,0
435557,"The Party's Just Beginning",2018-12-07,18,5.02,6.9,24,18,Drama,868,"The Party's Just Beginning",4371,4145,226,94.8,5.2
489327,"Stella's Last Weekend",2018-10-12,35,4.496,7.4,11,35,Comedy,870,"Stella's Last Weekend",4215,4215,0,100,0
483315,Armed,2018-09-14,28,4.744,4.3,9,28,Action,871,Armed,3948,3948,0,100,0
548786,"American Dresser",2018-09-21,12,4.691,5.7,7,12,Adventure,872,"American Dresser",3895,3895,0,100,0
514748,Fourplay,2018-03-30,35,2.364,5,2,35,Comedy,876,Fourplay,3550,3550,0,100,0
445147,"The Cage Fighter",2018-02-02,28,1.375,6.7,3,28,Action,878,"The Cage Fighter",3392,3392,0,100,0
465155,Followers,2018-03-28,53,1.804,6,6,53,Thriller,879,Followers,3350,3350,0,100,0
491080,"Over the Limit",2018-10-05,99,0.636,8,8,99,Documentary,880,"Over the Limit",3243,3243,0,100,0
488637,"Game Changers",2018-06-29,99,2.291,7.8,4,99,Documentary,881,"Game Changers",3142,3142,0,100,0
517892,Nana,2018-04-13,99,0.6,0,0,99,Documentary,883,Nana,2784,2784,0,100,0
454904,"Straight Into a Storm",2018-06-15,99,0.6,0,0,99,Documentary,884,"Straight Into a Storm",2684,2684,0,100,0
458823,"Acorn and the Firestorm",2018-04-06,36,0.6,5,1,36,History,885,"ACORN and the Firestorm",2621,2621,0,100,0
404782,"Altered Perception",2018-05-04,878,1.357,6.5,3,878,"Science Fiction",892,"Altered Perception",1259,1259,0,100,0
513324,"Higher Power",2018-05-11,28,5.029,5.1,49,28,Action,898,"Higher Power",528,528,0,100,0
613795,"Dog Days",2018-10-13,35,1.214,0,0,35,Comedy,240,"Dog Days",6819044,6809080,9964,99.9,0.1
559515,"Made for More",2018-01-01,99,0.6,0,0,99,Documentary,294,"Made for More",2999134,2999134,0,100,0
608209,Beast,2018-10-24,0,0.6,0,0,0,,339,Beast,1744071,800365,943706,45.9,54.1
603942,Boundaries,2018-05-01,0,0.6,0,0,0,,402,Boundaries,755977,703438,52539,93.1,6.9
568944,"Status Update",2018-08-04,0,1.497,0,0,0,,460,"Status Update",416178,4764,411414,1.1,98.9
561594,Twiceland,2018-12-07,10402,0.6,6,1,10402,Music,557,Twiceland,186078,52874,133204,28.4,71.6
601369,Nostalgia,2018-09-22,9648,1.461,0,0,9648,Mystery,613,Nostalgia,114603,114603,0,100,0
617221,"Touch Me Not",2018-08-03,10749,0.6,0,0,10749,Romance,655,"Touch Me Not",75507,13782,61725,18.3,81.7
557660,"Making The Five Heartbeats",2018-08-27,99,0.687,0,0,99,Documentary,668,"Making the Five Heartbeats",67415,67415,0,100,0
589665,"Out on Stage",2018-07-24,0,0.6,0,0,0,,798,"Out on Stage",15623,15623,0,100,0
557179,"The Lost Village",2018-10-19,99,1.217,0,0,99,Documentary,888,"The Lost Village",1780,1780,0,100,0
557182,"TVTV: Video Revolutionaries",2018-10-19,99,0.6,0,0,99,Documentary,897,"TVTV: Video Revolutionaries",812,812,0,100,0
